id,nom_local,type_local,building_id,nom_batiment,latitude,longitude,dgfip_reference_norm,created_at
2420,13 IMP JEAN ROBERT PINET - ESPACE DE L AMITIE LES HERBETTES,PRINCIPAL,1135,13 IMP JEAN ROBERT PINET - ESPACE DE L AMITIE LES HERBETTES,,,,2026-08-20 07:56:06.502112+00
2421,3 RUE RAPIDE - OFFICE DU TOURISME & BUREAU DE L'OPPOSITION,PRINCIPAL,1140,3 RUE RAPIDE - OFFICE DU TOURISME & BUREAU DE L'OPPOSITION,,,,2026-08-20 07:56:06.963838+00
2422,3 SOMMETS,PRINCIPAL,1141,3 SOMMETS,,,,2026-08-20 07:56:07.083019+00
2423,47 RUE PAUL VALERY,PRINCIPAL,1146,47 RUE PAUL VALERY,,,,2026-08-20 07:56:07.476744+00
2424,8 RUE DU 8 MAI 1945 - COMMERCE & ARTISANAT,PRINCIPAL,1148,8 RUE DU 8 MAI 1945 - COMMERCE & ARTISANAT,,,,2026-08-20 07:56:07.645395+00
2425,VIE DES QUARTIERS,PRINCIPAL,1149,VIE DES QUARTIERS,,,,2026-08-20 07:56:07.765319+00
2426,ACCUEIL DE LOISIRS SANS HEBERGEMENT CHÂTEAU VERT,PRINCIPAL,1151,ACCUEIL DE LOISIRS SANS HEBERGEMENT CHÂTEAU VERT,,,,2026-08-20 07:56:08.004061+00
2427,RESTAURATION CHÂTEAU VERT,PRINCIPAL,1152,RESTAURATION CHÂTEAU VERT,,,,2026-08-20 07:56:08.126808+00
2428,ACCUEIL DE LOISIRS SANS HEBERGEMENT CYBER ESPACE,PRINCIPAL,1153,ACCUEIL DE LOISIRS SANS HEBERGEMENT CYBER ESPACE,,,,2026-08-20 07:56:08.248793+00
2429,RESTAURATION CYBER ESPACE,PRINCIPAL,1154,RESTAURATION CYBER ESPACE,,,,2026-08-20 07:56:08.372192+00
2430,AIRE MECANIQUE,PRINCIPAL,1155,AIRE MECANIQUE,,,,2026-08-20 07:56:08.492557+00
2431,ALP PAUL LANGEVIN - EX HALTE GARDERIE LANGEVIN,PRINCIPAL,1156,ALP PAUL LANGEVIN - EX HALTE GARDERIE LANGEVIN,,,,2026-08-20 07:56:08.544328+00
2432,ANCIENNE ECOLE MATERNELLE COLBERT,PRINCIPAL,1158,ANCIENNE ECOLE MATERNELLE COLBERT,,,,2026-08-20 07:56:08.785595+00
2433,ANCIEN RESTAURANT SCOLAIRE COLBERT,PRINCIPAL,1159,ANCIEN RESTAURANT SCOLAIRE COLBERT,,,,2026-08-20 07:56:08.905368+00
2434,BANQUE DE FRANCE,PRINCIPAL,1163,BANQUE DE FRANCE,,,,2026-08-20 07:56:09.337009+00
2435,20 RUE PAUL VALERY - BAR DE L'HOTEL DE VILLE,PRINCIPAL,1164,20 RUE PAUL VALERY - BAR DE L'HOTEL DE VILLE,,,,2026-08-20 07:56:09.458938+00
2436,BUNGALOW ZAM,PRINCIPAL,1165,BUNGALOW ZAM,,,,2026-08-20 07:56:09.575849+00
2437,BASE NAUTIQUE FRANCOISE PASCAL,PRINCIPAL,1166,BASE NAUTIQUE FRANCOISE PASCAL,,,,2026-08-20 07:56:09.694095+00
2438,CAP CARAIBES,PRINCIPAL,1167,CAP CARAIBES,,,,2026-08-20 07:56:09.813759+00
2439,"BENEZEH, SERVICE DES SPORTS, ANNEXE 2 HOTEL DE VILLE",PRINCIPAL,1168,"BENEZEH, SERVICE DES SPORTS, ANNEXE 2 HOTEL DE VILLE",,,,2026-08-20 07:56:09.868305+00
2440,BOURSE DU TRAVAIL,PRINCIPAL,1169,BOURSE DU TRAVAIL,,,,2026-08-20 07:56:09.987748+00
2441,WC CAPITAINERIE DES QUILLES,PRINCIPAL,1170,WC CAPITAINERIE DES QUILLES,,,,2026-08-20 07:56:10.10843+00
2442,COMPLEXE DOUCHES ET WC CASTELLAS,PRINCIPAL,1171,COMPLEXE DOUCHES ET WC CASTELLAS,,,,2026-08-20 07:56:10.22975+00
2443,POSTE DE SECOURS CASTELLAS,PRINCIPAL,1172,POSTE DE SECOURS CASTELLAS,,,,2026-08-20 07:56:10.348761+00
2444,CENTRE COMMERCIAL BLVD CHEV DE CLERVILLE - SYNAGOGUE - DIVERS ASSOCIATIONS,PRINCIPAL,1173,CENTRE COMMERCIAL BLVD CHEV DE CLERVILLE - SYNAGOGUE - DIVERS ASSOCIATIONS,,,,2026-08-20 07:56:10.469497+00
2445,ATELIER DE PEDAGOGIE PERSONNALISEE A.P.P.,PRINCIPAL,1174,ATELIER DE PEDAGOGIE PERSONNALISEE A.P.P.,,,,2026-08-20 07:56:10.588504+00
2446,CENTRE DE FORMATION DES APPRENTIS NICOLAS ALBANOS,PRINCIPAL,1175,CENTRE DE FORMATION DES APPRENTIS NICOLAS ALBANOS,,,,2026-08-20 07:56:10.70502+00
2447,CENTRE NAUTIQUE MIAILLE MUNOZ,PRINCIPAL,1177,CENTRE NAUTIQUE MIAILLE MUNOZ,,,,2026-08-20 07:56:10.937935+00
2448,CENTRE TECHNIQUE MUNICIPAL,PRINCIPAL,1179,CENTRE TECHNIQUE MUNICIPAL,,,,2026-08-20 07:56:11.172823+00
2449,CENTRE ULM,PRINCIPAL,1180,CENTRE ULM,,,,2026-08-20 07:56:11.225324+00
2450,CHAPELLE DU QUARTIER HAUT,PRINCIPAL,1181,CHAPELLE DU QUARTIER HAUT,,,,2026-08-20 07:56:11.344463+00
2451,CIMETIERE LE PY,PRINCIPAL,1182,CIMETIERE LE PY,,,,2026-08-20 07:56:11.459671+00
2452,LOG. DE FONCTION CIMETIERE MARIN,PRINCIPAL,1183,LOG. DE FONCTION CIMETIERE MARIN,,,,2026-08-20 07:56:11.577673+00
2453,PISCINE BIASCAMANO,PRINCIPAL,1185,PISCINE BIASCAMANO,,,,2026-08-20 07:56:11.745367+00
2454,SALLE MULTIACTIVITE DU BARROU,PRINCIPAL,1187,SALLE MULTIACTIVITE DU BARROU,,,,2026-08-20 07:56:11.979601+00
2455,SALLE TENNIS CLUB DU BARROU,PRINCIPAL,1188,SALLE TENNIS CLUB DU BARROU,,,,2026-08-20 07:56:12.096923+00
2456,GYMNASE MAURICE VIE,PRINCIPAL,1189,GYMNASE MAURICE VIE,,,,2026-08-20 07:56:12.216973+00
2457,HALLES DES SPORTS MARTY,PRINCIPAL,1190,HALLES DES SPORTS MARTY,,,,2026-08-20 07:56:12.340737+00
2458,BATCOPROPRIETE 14 RUE REMY BELLEAU,PRINCIPAL,1193,BATCOPROPRIETE 14 RUE REMY BELLEAU,,,,2026-08-20 07:56:12.693677+00
2459,WC PUBLIC,PRINCIPAL,1194,WC PUBLIC,,,,2026-08-20 07:56:12.811148+00
2460,MAISON GARDIEN DECHETTERIE SETE,PRINCIPAL,1195,MAISON GARDIEN DECHETTERIE SETE,,,,2026-08-20 07:56:12.933024+00
2461,ESPACE DE L AMITIE ABEL APARICI AMICALE DES SAINTS CLAIRIENS,PRINCIPAL,1196,ESPACE DE L AMITIE ABEL APARICI AMICALE DES SAINTS CLAIRIENS,,,,2026-08-20 07:56:13.052913+00
2462,ANTENNE DU ST CLAIR,PRINCIPAL,1197,ANTENNE DU ST CLAIR,,,,2026-08-20 07:56:13.17269+00
2463,WC PUBLIC ST CLAIR,PRINCIPAL,1198,WC PUBLIC ST CLAIR,,,,2026-08-20 07:56:13.223236+00
2464,ECOLE MATERNELLE MICHELET,PRINCIPAL,1199,ECOLE MATERNELLE MICHELET,,,,2026-08-20 07:56:13.339703+00
2465,ECOLE ELEMENTAIRE ARAGO,PRINCIPAL,1200,ECOLE ELEMENTAIRE ARAGO,,,,2026-08-20 07:56:13.390292+00
2466,RESTAURANT SCOLAIRE ARAGO/MICHELET,PRINCIPAL,1201,RESTAURANT SCOLAIRE ARAGO/MICHELET,,,,2026-08-20 07:56:13.50773+00
2467,ANCIEN LOGEMENT DE FONCTION ECOLE DES BEAUX ARTS,PRINCIPAL,1202,ANCIEN LOGEMENT DE FONCTION ECOLE DES BEAUX ARTS,,,,2026-08-20 07:56:13.554912+00
2468,RESTAURANT SCOLAIRE ANATOLE FRANCE,PRINCIPAL,1204,RESTAURANT SCOLAIRE ANATOLE FRANCE,,,,2026-08-20 07:56:13.721882+00
2469,ECOLE MATERNELLE SUZANNE LACORE,PRINCIPAL,1205,ECOLE MATERNELLE SUZANNE LACORE,,,,2026-08-20 07:56:13.842758+00
2470,ECOLE ELEMENTAIRE ANATOLE FRANCE,PRINCIPAL,1206,ECOLE ELEMENTAIRE ANATOLE FRANCE,,,,2026-08-20 07:56:13.961683+00
2471,ECOLE MATERNELLE SUZANNE LACORE,PRINCIPAL,1207,ECOLE MATERNELLE SUZANNE LACORE,,,,2026-08-20 07:56:14.080212+00
2472,RESTAURANT SCOLAIRE GEORGES BRASSENS,PRINCIPAL,1210,RESTAURANT SCOLAIRE GEORGES BRASSENS,,,,2026-08-20 07:56:14.433814+00
2473,ECOLE ELEMENTAIRE JEAN MACE,PRINCIPAL,1211,ECOLE ELEMENTAIRE JEAN MACE,,,,2026-08-20 07:56:14.548645+00
2474,RESTAURANT SCOLAIRE LA RENAISSANCE,PRINCIPAL,1212,RESTAURANT SCOLAIRE LA RENAISSANCE,,,,2026-08-20 07:56:14.667975+00
2475,ECOLE MATERNELLE JEAN MOULIN,PRINCIPAL,1221,ECOLE MATERNELLE JEAN MOULIN,,,,2026-08-20 07:56:15.734312+00
2476,ECOLE MATERNELLE LOUISE MICHEL,PRINCIPAL,1225,ECOLE MATERNELLE LOUISE MICHEL,,,,2026-08-20 07:56:16.206702+00
2477,RESTAURANT SCOLAIRE LOUISE MICHEL,PRINCIPAL,1226,RESTAURANT SCOLAIRE LOUISE MICHEL,,,,2026-08-20 07:56:16.326725+00
2478,EGLISE CATHOLIQUE LES PENITENTS,PRINCIPAL,1227,EGLISE CATHOLIQUE LES PENITENTS,,,,2026-08-20 07:56:16.459475+00
2479,EGLISE CATHOLIQUE SAINT LOUIS,PRINCIPAL,1228,EGLISE CATHOLIQUE SAINT LOUIS,,,,2026-08-20 07:56:16.579954+00
2480,PRESBYTERE SAINT PIERRE,PRINCIPAL,1229,PRESBYTERE SAINT PIERRE,,,,2026-08-20 07:56:16.697753+00
2481,EGLISE CATHOLIQUE SAINT PIERRE,PRINCIPAL,1230,EGLISE CATHOLIQUE SAINT PIERRE,,,,2026-08-20 07:56:16.814988+00
2482,EGLISE CATHOLIQUE ST JOSEPH,PRINCIPAL,1231,EGLISE CATHOLIQUE ST JOSEPH,,,,2026-08-20 07:56:16.933563+00
2483,ELECTION 2 BIS RUE LUCIEN SALETTE,PRINCIPAL,1232,ELECTION 2 BIS RUE LUCIEN SALETTE,,,,2026-08-20 07:56:17.055739+00
2484,ENTREPOT PECHE,PRINCIPAL,1233,ENTREPOT PECHE,,,,2026-08-20 07:56:17.173311+00
2485,ESPACE DE L AMITIE DE LA CORNICHE - BOULE DORE CORNICEENNE,PRINCIPAL,1234,ESPACE DE L AMITIE DE LA CORNICHE - BOULE DORE CORNICEENNE,,,,2026-08-20 07:56:17.29352+00
2486,ESPACE GEORGES BRASSENS,PRINCIPAL,1236,ESPACE GEORGES BRASSENS,,,,2026-08-20 07:56:17.531476+00
2487,EX TRIBUNAL D'INSTANCE,PRINCIPAL,1238,EX TRIBUNAL D'INSTANCE,,,,2026-08-20 07:56:17.697417+00
2488,SPLBT,PRINCIPAL,1239,SPLBT,,,,2026-08-20 07:56:17.745323+00
2489,SAM,PRINCIPAL,1240,SAM,,,,2026-08-20 07:56:17.795427+00
2490,FLEXYS,PRINCIPAL,1241,FLEXYS,,,,2026-08-20 07:56:17.913062+00
2491,FOYER LE THONNAIRE,PRINCIPAL,1242,FOYER LE THONNAIRE,,,,2026-08-20 07:56:18.035075+00
2492,GEORGES BAYROU (Rugby),PRINCIPAL,1243,GEORGES BAYROU (Rugby),,,,2026-08-20 07:56:18.153075+00
2493,GROUPE SCOLAIRE PAUL LANGEVIN ET RESTAURANT SCOLAIRE,PRINCIPAL,1244,GROUPE SCOLAIRE PAUL LANGEVIN ET RESTAURANT SCOLAIRE,,,,2026-08-20 07:56:18.271213+00
2494,ECOLE ELEMENTAIRE PAUL LANGEVIN,PRINCIPAL,1245,ECOLE ELEMENTAIRE PAUL LANGEVIN,,,,2026-08-20 07:56:18.394548+00
2495,ECOLE MATERNELLE PAUL LANGEVIN,PRINCIPAL,1246,ECOLE MATERNELLE PAUL LANGEVIN,,,,2026-08-20 07:56:18.516051+00
2496,SMA FRANCOIS DOLTO,PRINCIPAL,1247,SMA FRANCOIS DOLTO,,,,2026-08-20 07:56:18.63547+00
2497,GROUPEMENT POUR L INSERTION DES PERSONNES HANDICAPEES PHYSIQUES G.I.H.P.,PRINCIPAL,1251,GROUPEMENT POUR L INSERTION DES PERSONNES HANDICAPEES PHYSIQUES G.I.H.P.,,,,2026-08-20 07:56:19.108785+00
2498,HOTEL DE VILLE,PRINCIPAL,1252,HOTEL DE VILLE,,,,2026-08-20 07:56:19.231161+00
2499,16 PROMENADE JB MARTY - LOCAL COMMERCIAL,PRINCIPAL,1255,16 PROMENADE JB MARTY - LOCAL COMMERCIAL,,,,2026-08-20 07:56:19.579211+00
2500,7 PROMENADE JB MARTY,PRINCIPAL,1256,7 PROMENADE JB MARTY,,,,2026-08-20 07:56:19.697692+00
2501,KITE SURF,PRINCIPAL,1257,KITE SURF,,,,2026-08-20 07:56:19.816552+00
2502,LA CALANDRETA DELS DALFINETS,PRINCIPAL,1258,LA CALANDRETA DELS DALFINETS,,,,2026-08-20 07:56:19.935745+00
2503,POSTE DE SECOURS LAZARET,PRINCIPAL,1260,POSTE DE SECOURS LAZARET,,,,2026-08-20 07:56:20.170584+00
2504,POSTE DE SECOURS 3 DIGUES,PRINCIPAL,1261,POSTE DE SECOURS 3 DIGUES,,,,2026-08-20 07:56:20.290558+00
2505,COMPLEXE DOUCHES ET WC 3 DIGUES,PRINCIPAL,1262,COMPLEXE DOUCHES ET WC 3 DIGUES,,,,2026-08-20 07:56:20.408566+00
2506,LES NOUVEAUX BAINS DOUCHES,PRINCIPAL,1264,LES NOUVEAUX BAINS DOUCHES,,,,2026-08-20 07:56:20.641743+00
2507,ARCHIVES MUNICIPAL,PRINCIPAL,1269,ARCHIVES MUNICIPAL,,,,2026-08-20 07:56:21.096069+00
2508,LUDOTHEQUE,PRINCIPAL,1270,LUDOTHEQUE,,,,2026-08-20 07:56:21.21359+00
2509,LA PASSERELLE,PRINCIPAL,1271,LA PASSERELLE,,,,2026-08-20 07:56:21.329898+00
2510,MEDIATHEQUE MALRAUX,PRINCIPAL,1272,MEDIATHEQUE MALRAUX,,,,2026-08-20 07:56:21.446785+00
2511,MUSEE DE LA MER (EX IFREMER),PRINCIPAL,1273,MUSEE DE LA MER (EX IFREMER),,,,2026-08-20 07:56:21.565581+00
2512,SERVICE ANIMATION,PRINCIPAL,1274,SERVICE ANIMATION,,,,2026-08-20 07:56:21.615636+00
2513,MUSEE INTERNATIONAL DES ARTS MODESTES,PRINCIPAL,1275,MUSEE INTERNATIONAL DES ARTS MODESTES,,,,2026-08-20 07:56:21.7338+00
2514,NOUVEAU CSU,PRINCIPAL,1277,NOUVEAU CSU,,,,2026-08-20 07:56:21.969535+00
2515,THAU AVENIR PETANQUE,PRINCIPAL,1278,THAU AVENIR PETANQUE,,,,2026-08-20 07:56:22.086749+00
2516,COMPLEXE DOUCHES ET WC LIDO,PRINCIPAL,1285,COMPLEXE DOUCHES ET WC LIDO,,,,2026-08-20 07:56:22.841543+00
2517,POSTE DE SECOURS VILLEROY CENTRE,PRINCIPAL,1286,POSTE DE SECOURS VILLEROY CENTRE,,,,2026-08-20 07:56:22.959877+00
2518,POSTE DE SECOURS VILLEROY OUEST,PRINCIPAL,1287,POSTE DE SECOURS VILLEROY OUEST,,,,2026-08-20 07:56:23.077498+00
2519,WC N°5 LIDO,PRINCIPAL,1288,WC N°5 LIDO,,,,2026-08-20 07:56:23.196475+00
2520,WC PUBLICS LIDO,PRINCIPAL,1289,WC PUBLICS LIDO,,,,2026-08-20 07:56:23.317471+00
2521,WC PUBLICS N°6 LIDO,PRINCIPAL,1290,WC PUBLICS N°6 LIDO,,,,2026-08-20 07:56:23.436654+00
2522,PUPILLES ENSEIGNEMENT PUBLIC,PRINCIPAL,1291,PUPILLES ENSEIGNEMENT PUBLIC,,,,2026-08-20 07:56:23.556895+00
2523,WC PUBLIC,PRINCIPAL,1292,WC PUBLIC,,,,2026-08-20 07:56:23.673577+00
2524,BAT RESIDENCE GOLF DU LION,PRINCIPAL,1294,BAT RESIDENCE GOLF DU LION,,,,2026-08-20 07:56:23.906395+00
2525,COPRO RES. LES JARDINS DE LA MER,PRINCIPAL,1296,COPRO RES. LES JARDINS DE LA MER,,,,2026-08-20 07:56:24.073636+00
2526,RESIDENCE LES METAIRIES - ESPACE DE L AMITIE LES METAIRIES,PRINCIPAL,1297,RESIDENCE LES METAIRIES - ESPACE DE L AMITIE LES METAIRIES,,,,2026-08-20 07:56:24.192526+00
2527,RESIDENCE VIA NOSTRA,PRINCIPAL,1298,RESIDENCE VIA NOSTRA,,,,2026-08-20 07:56:24.310511+00
2528,CHAI SAINT RAPHAEL,PRINCIPAL,1299,CHAI SAINT RAPHAEL,,,,2026-08-20 07:56:24.428942+00
2529,GYMNASE ALFRED NAKACHE,PRINCIPAL,1300,GYMNASE ALFRED NAKACHE,,,,2026-08-20 07:56:24.547048+00
2530,SALLE BRASSENS PROVISOIRE MAS COULET,PRINCIPAL,1301,SALLE BRASSENS PROVISOIRE MAS COULET,,,,2026-08-20 07:56:24.66181+00
2531,SERRE MUNICIPALE - CENTRE HORTICOLE,PRINCIPAL,1302,SERRE MUNICIPALE - CENTRE HORTICOLE,,,,2026-08-20 07:56:24.783895+00
2532,FOYER RESTAURANT LE VALLON,PRINCIPAL,1303,FOYER RESTAURANT LE VALLON,,,,2026-08-20 07:56:24.905655+00
2533,SERVICE DES AINES,PRINCIPAL,1304,SERVICE DES AINES,,,,2026-08-20 07:56:25.025533+00
2534,SERVICE ENSEIGNEMENT,PRINCIPAL,1305,SERVICE ENSEIGNEMENT,,,,2026-08-20 07:56:25.075805+00
2535,SMA VICTOR HUGO,PRINCIPAL,1306,SMA VICTOR HUGO,,,,2026-08-20 07:56:25.190599+00
2536,VESTIAIRES STADE JOSEPH UJLAKI,PRINCIPAL,1307,VESTIAIRES STADE JOSEPH UJLAKI,,,,2026-08-20 07:56:25.241742+00
2537,STAND DE TIR,PRINCIPAL,1308,STAND DE TIR,,,,2026-08-20 07:56:25.359726+00
2538,STATUE RABASTE,PRINCIPAL,1310,STATUE RABASTE,,,,2026-08-20 07:56:25.595801+00
2539,STRUCTURE MULTIACCUEIL DES HIPPOCAMPES,PRINCIPAL,1312,STRUCTURE MULTIACCUEIL DES HIPPOCAMPES,,,,2026-08-20 07:56:25.837704+00
2540,THEATRE MOLIERE,PRINCIPAL,1314,THEATRE MOLIERE,,,,2026-08-20 07:56:26.075703+00
