id,code_bien,nomcourt,status,building_id,latitude,longitude,updated_at,motif
827,BATI00140,A.P.P.,lie,1174,43.410843,3.691793,2026-08-24 07:17:54.424149+00,rattache-deplace
829,BATI00368,ABEL APARICI,lie,1196,43.401698,3.685405,2026-08-24 07:19:32.54524+00,rattache-deplace
833,BATI00438,ALFRED NAKACHE,lie,1300,43.409839,3.691597,2026-08-24 07:20:05.569764+00,rattache-deplace
834,BATI00026,AMERICA CLUB,lie,1157,43.394004,3.681017,2026-08-24 07:16:47.591633+00,rattache-deplace
853,BATI00099,ARCHIVES MUNICIPALES,lie,1269,43.405717,3.693449,2026-08-24 07:17:38.973848+00,rattache-deplace
863,BATI00251,BAINS DOUCHES,lie,1264,49.251571,4.023534,2026-08-24 07:18:30.506587+00,rattache-deplace
865,BATI00015,BANQUE DE FRANCE,lie,1163,43.402026,3.695895,2026-08-24 07:16:47.591633+00,rattache-deplace
869,BATI00446,BIASCAMANO,lie,1185,43.396395,3.669438,2026-08-24 07:20:05.569764+00,rattache-deplace
873,BATI00016,BOURSE DU TRAVAIL,lie,1169,43.403683,3.694171,2026-08-24 07:16:47.591633+00,rattache-deplace
875,BATI00426,BUNGALOW Z.A.M.,lie,1165,43.396539,3.662655,2026-08-24 07:20:05.569764+00,rattache-deplace
888,BATI00025,CASERNE VAUBAN,lie,1259,43.411874,3.683457,2026-08-24 07:16:47.591633+00,rattache-deplace
897,BATI00423,CENTRE F.J. RIGAL,a_traiter,,-12.738627,45.140603,2026-08-24 07:20:05.569764+00,hors-commune
909,BATI00329,CHATEAU VERT,a_traiter,,43.648278,5.09665,2026-08-24 07:19:06.816953+00,hors-commune
912,BATI00004,CIMETIERE LE PY,lie,1182,43.407449,3.670679,2026-08-24 07:06:36.138076+00,rattache-deplace
919,BATI00384,COMITE QUART. LE QUARTIER NAU,a_traiter,,49.31581,5.798233,2026-08-24 07:19:47.876181+00,hors-commune
934,BATI00441,DI STEFANO,lie,1248,43.400909,3.698718,2026-08-24 07:20:05.569764+00,rattache-deplace
939,BATI00311,ECOLE AGNES VARDA,lie,1216,43.410295,3.674999,2026-08-24 07:18:50.919073+00,rattache-deplace
940,BATI00297,ECOLE ANATOLE FRANCE,lie,1206,43.412961,3.66533,2026-08-24 07:18:50.919073+00,rattache-deplace
941,BATI00298,ECOLE ARAGO,lie,1200,43.406462,3.692855,2026-08-24 07:18:50.919073+00,rattache-deplace
942,BATI00296,ECOLE BRASSENS,lie,1209,43.415155,3.66364,2026-08-24 07:18:50.919073+00,rattache-deplace
943,BATI00308,ECOLE COLBERT,lie,1158,43.398584,3.69537,2026-08-24 07:18:50.919073+00,rattache-deplace
944,BATI00307,ECOLE CONDORCET,lie,1217,43.403927,3.69939,2026-08-24 07:18:50.919073+00,rattache-deplace
945,BATI00158,ECOLE DES BEAUX ARTS,lie,1203,43.401784,3.692017,2026-08-24 07:18:12.801267+00,rattache-deplace
946,BATI00312,ECOLE EUGENIE COTTON,lie,1218,43.407608,3.680382,2026-08-24 07:18:50.919073+00,rattache-deplace
947,BATI00299,ECOLE FERDINAND BUISSON,lie,1208,43.410295,3.674999,2026-08-24 07:18:50.919073+00,rattache-deplace
948,BATI00306,ECOLE GASTON BABY,lie,1219,43.410507,3.698909,2026-08-24 07:18:50.919073+00,rattache-deplace
949,BATI00314,ECOLE HELENE BOUCHER,lie,1220,43.410103,3.686275,2026-08-24 07:18:50.919073+00,rattache-deplace
952,BATI00310,ECOLE LOUIS PASTEUR,lie,1224,43.401013,3.693212,2026-08-24 07:18:50.919073+00,rattache-deplace
953,BATI00315,ECOLE LOUISE MICHEL,lie,1225,43.415155,3.66364,2026-08-24 07:18:50.919073+00,rattache-deplace
955,BATI00309,ECOLE MATERNELLE MICHELET,lie,1199,43.406006,3.693418,2026-08-24 07:18:50.919073+00,rattache-deplace
956,BATI00294,ECOLE PAUL BERT,lie,1215,43.401296,3.693104,2026-08-24 07:18:50.919073+00,rattache-deplace
957,BATI00295,ECOLE RENAISSANCE,propose,1213,49.749004,4.72938,2026-08-24 07:27:49.7362+00,rattache-deplace
958,BATI00316,ECOLE SUZANNE LACORE,lie,1207,43.412961,3.66533,2026-08-24 07:18:50.919073+00,rattache-deplace
963,BATI00179,ESPACE GEORGES BRASSENS,lie,1236,43.407449,3.670679,2026-08-24 07:18:12.801267+00,rattache-deplace
970,BATI00013,EX TRIBUNAL,lie,1238,43.398335,3.695223,2026-08-24 07:16:47.591633+00,rattache-deplace
990,BATI00363,FOYER LE THONNAIRE,lie,1242,43.412961,3.66533,2026-08-24 07:19:32.54524+00,rattache-deplace
993,BATI00412,FOYER RESTAURANT LE VALLON,lie,1303,43.408861,3.679456,2026-08-24 07:19:47.876181+00,rattache-deplace
996,BATI00414,FRANCOISE PASCAL,lie,1166,43.393517,3.672654,2026-08-24 07:19:47.876181+00,rattache-deplace
997,BATI00373,G.I.H.P.,lie,1251,43.412665,3.661422,2026-08-24 07:19:32.54524+00,rattache-deplace
1007,BATI00444,HALLE MARTY,lie,1190,43.415896,3.671047,2026-08-24 07:20:05.569764+00,rattache-deplace
1009,BATI00089,HOTEL DE VILLE,lie,1252,43.40168,3.695977,2026-08-24 07:17:38.973848+00,rattache-deplace
1011,BATI00199,ISSANKA - ABANDON,a_traiter,,49.286027,3.816065,2026-08-24 07:18:12.801267+00,hors-commune
1015,BATI00404,LA PASSERELLE,lie,1271,43.412427,3.665341,2026-08-24 07:19:47.876181+00,rattache-deplace
1022,BATI00321,LE PONT LEVIS,lie,1284,43.402575,3.657891,2026-08-24 07:18:50.919073+00,rattache-deplace
1029,BATI00322,LES METAIRIES,lie,1297,43.411386,3.670118,2026-08-24 07:19:06.816953+00,rattache-deplace
1052,BATI00382,LOCAL SKI C.O.S.,a_traiter,,43.648278,5.09665,2026-08-24 07:19:47.876181+00,hors-commune
1053,BATI00385,LOCAL U.F.C.,a_traiter,,43.648278,5.09665,2026-08-24 07:19:47.876181+00,hors-commune
1067,BATI00014,LOGEMENT POLICE NATIONALE,a_traiter,,50.409672,2.847864,2026-08-24 07:16:47.591633+00,hors-commune
1090,BATI00443,MAURICE VIE,lie,1189,43.415896,3.671047,2026-08-24 07:20:05.569764+00,rattache-deplace
1096,BATI00178,MUSEE PAUL VALERY,lie,1276,43.395104,3.689756,2026-08-24 07:18:12.801267+00,rattache-deplace
1130,BATI00241,RESTAURATION SCOLAIRE A FRANCE,lie,1204,43.412961,3.66533,2026-08-24 07:18:30.506587+00,rattache-deplace
1139,BATI00370,SAINT CLAIR BELLEVUE,a_traiter,,43.648278,5.09665,2026-08-24 07:19:32.54524+00,hors-commune
1140,BATI00150,SAINT JOSEPH,lie,1231,43.401561,3.69472,2026-08-24 07:17:54.424149+00,rattache-deplace
1141,BATI00151,SAINT LOUIS,lie,1228,43.399496,3.694811,2026-08-24 07:17:54.424149+00,rattache-deplace
1144,BATI00156,SAINT PIERRE,lie,1229,43.408159,3.697455,2026-08-24 07:18:12.801267+00,rattache-deplace
1154,BATI00094,SALLE TENNIS,propose,1188,43.4164110231376,3.6701413117642327,2026-08-24 07:27:49.7362+00,rattache-deplace
1160,BATI00098,SERVICE ANIMATION,lie,1274,43.393858,3.685385,2026-08-24 07:17:38.973848+00,rattache-deplace
1167,BATI00131,SERVICES DES AINES,lie,1304,43.403254,3.694835,2026-08-24 07:17:54.424149+00,rattache-deplace
1176,BATI00340,THAU AVENIR PETANQUE,lie,1278,43.42103,3.674708,2026-08-24 07:19:06.816953+00,rattache-deplace
1181,BATI00202,VICTOR HUGO,lie,1315,43.408534,3.698285,2026-08-24 07:18:12.801267+00,rattache-deplace
1182,BATI00134,VIE DES QUARIERS,lie,1149,43.402056,3.696295,2026-08-24 07:17:54.424149+00,rattache-deplace
1197,BATI00280,WC PUBLICS LIDO,lie,1289,43.385453,3.645681,2026-08-24 07:18:50.919073+00,rattache-deplace
1198,BATI00286,WC PUBLICS N°6 LIDO,lie,1290,43.385453,3.645681,2026-08-24 07:18:50.919073+00,rattache-deplace
