rang_forme,player,rank,elo_global,elo_hard,elo_clay,elo_grass,momentum_90j,winrate_90j,winrate_last20,matchs_90j,serie,derniere_date,n_matchs_total,etabli,indice_forme,indice_forme_hard,indice_forme_clay,indice_forme_grass
1,Sabalenka A.,,1697,1694,1634,1671,-5.0,0.6,0.75,5,1,2026-06-17,70,True,133.2,134.7,124.5,131.6
2,Svitolina E.,,1643,1638,1600,1624,10.0,0.667,0.75,6,1,2026-06-23,46,True,125.1,125.5,119.3,123.9
3,Noskova L.,,1632,1626,1596,1610,41.0,0.857,0.6,7,6,2026-07-11,35,True,124.2,124.3,119.7,122.2
4,Keys M.,,1621,1602,1607,1608,20.0,0.714,0.7,7,-1,2026-07-06,26,True,121.4,118.7,121.5,121.1
5,Kostyuk M.,,1616,1598,1596,1598,39.0,0.857,0.6,7,-1,2026-07-09,33,True,121.1,118.5,119.7,119.6
6,Sherif M.,,1605,1600,1592,1599,52.0,1.0,0.7,8,9,2026-07-16,40,True,120.8,120.7,120.7,121.6
7,Kessler M.,,1615,1603,1615,1608,9.0,1.0,0.778,1,4,2026-06-22,18,True,120.0,118.6,123.0,120.8
8,Selekhmeteva O.,,1614,1601,1603,1608,8.0,1.0,0.789,1,1,2026-06-20,19,True,119.8,118.3,120.4,120.9
9,Eala A.,,1607,1614,1601,1584,21.0,0.714,0.75,7,-2,2026-06-22,35,True,119.8,122.3,121.3,117.1
10,Gauff C.,,1636,1629,1622,1598,6.0,0.667,0.55,3,1,2026-07-05,55,True,119.4,119.3,119.9,114.1
11,Marcinko P.,,1601,1593,1597,1585,23.0,0.714,0.75,7,1,2026-07-15,16,True,118.9,118.3,120.7,117.6
12,Muchova K.,,1589,1573,1576,1574,40.0,0.8,0.75,10,-1,2026-07-11,39,True,118.6,116.1,118.0,117.2
13,Rybakina E.,,1628,1610,1599,1616,-8.0,0.556,0.65,9,-3,2026-06-18,51,True,117.5,115.1,114.5,117.5
14,Bejlek S.,,1610,1617,1599,1593,-5.0,0.5,0.8,2,1,2026-07-15,28,True,117.2,119.7,117.7,115.8
15,Chwalinska M.,,1596,1598,1581,1596,14.0,0.667,0.722,6,-2,2026-06-26,18,True,116.0,117.4,115.3,118.0
16,Erjavec V.,,1608,1608,1596,1608,-7.0,0.5,0.75,2,1,2026-07-13,21,True,115.6,116.6,115.8,117.8
17,Anisimova A.,,1619,1623,1613,1601,-7.0,0.0,0.55,1,-1,2026-07-04,42,True,114.1,116.1,115.9,112.7
18,Montgomery R.,,1572,1582,1567,1567,32.0,0.8,0.667,5,4,2026-06-14,18,True,113.2,115.9,114.0,113.6
19,Valentova T.,,1589,1589,1589,1589,3.0,0.667,0.733,3,1,2026-07-14,15,True,113.2,114.0,115.5,115.0
20,Badosa P.,,1581,1564,1580,1574,20.0,1.0,0.65,3,3,2026-07-11,28,True,112.7,110.0,114.7,112.9
21,Baptiste H.,,1568,1567,1557,1568,26.0,1.0,0.667,2,5,2026-04-28,15,True,111.5,111.9,110.8,112.9
22,Cirstea S.,,1578,1570,1575,1578,4.0,0.667,0.75,3,1,2026-05-24,24,True,111.5,110.5,112.9,113.1
23,Swiatek I.,,1610,1578,1606,1598,-7.0,0.0,0.5,1,-2,2026-05-14,42,True,111.4,105.9,113.4,111.1
24,Mertens E.,,1569,1569,1567,1552,18.0,1.0,0.7,2,2,2026-06-22,30,True,111.0,111.6,112.4,108.8
25,Pliskova K.,,1572,1566,1565,1565,26.0,0.75,0.6,4,2,2026-06-16,22,True,111.0,110.4,111.4,111.1
26,Bencic B.,,1600,1608,1585,1584,-15.0,0.333,0.65,3,-1,2026-07-05,21,True,111.0,113.6,110.3,109.6
27,Andreeva M.,,1602,1603,1580,1580,-6.0,0.4,0.55,5,2,2026-06-06,44,True,110.9,112.1,108.8,108.3
28,Shnaider D.,,1589,1574,1581,1582,3.0,0.5,0.55,2,-1,2026-06-04,31,True,109.8,107.6,110.4,110.2
29,Zheng Q.,,1600,1608,1586,1587,-14.0,0.333,0.55,3,1,2026-07-16,34,True,109.3,111.9,108.8,108.6
30,Jovic I.,,1590,1597,1584,1590,-26.0,0.0,0.706,2,-2,2026-06-13,17,True,109.2,111.5,110.3,111.1
31,Osorio C.,,1583,1582,1583,1575,-13.0,0.333,0.7,3,-1,2026-07-02,22,True,108.9,109.4,111.1,108.9
32,Alexandrova E.,,1576,1561,1573,1573,2.0,0.5,0.6,2,1,2026-07-01,23,True,108.0,105.6,109.4,109.0
33,Oliynykova O.,,1569,1577,1563,1565,0.0,,0.684,0,-2,2026-04-16,19,True,107.9,110.2,108.4,108.5
34,Andreescu B.,,1560,1561,1555,1560,11.0,1.0,0.667,1,1,2026-04-28,15,True,107.6,108.3,108.0,108.9
35,Mboko V.,,1563,1562,1558,1563,11.0,0.571,0.6,7,-2,2026-06-10,20,True,106.9,107.3,107.5,108.3
36,Golubic V.,,1560,1565,1552,1553,5.0,0.667,0.6,3,-1,2026-06-20,28,True,105.4,106.9,105.2,105.2
37,Raducanu E.,,1561,1560,1561,1556,0.0,0.5,0.611,2,-1,2026-06-14,18,True,105.0,105.3,106.6,105.3
38,Kawa K.,,1538,1550,1523,1538,64.0,1.0,0.55,6,6,2026-07-14,23,True,105.0,107.7,102.7,105.9
39,Parks A.,,1545,1533,1547,1545,18.0,1.0,0.6,2,4,2026-07-13,23,True,104.5,102.4,106.2,105.5
40,Siegemund L.,,1562,1566,1556,1558,-12.0,0.0,0.647,1,-1,2026-05-10,17,True,104.0,105.3,104.3,104.5
41,Joint M.,,1566,1541,1564,1565,-12.0,0.0,0.6,1,-2,2026-05-11,27,True,103.9,99.3,105.2,105.1
42,Fernandez L.,,1549,1543,1549,1540,1.0,0.5,0.65,4,1,2026-06-21,31,True,103.5,102.7,104.8,102.7
43,Teichmann J.,,1564,1566,1554,1564,-12.0,0.333,0.6,3,-2,2026-05-31,22,True,103.5,104.5,103.0,104.9
44,Siniakova K.,,1568,1558,1557,1565,-12.0,0.333,0.55,3,1,2026-06-15,26,True,103.4,101.9,102.7,104.2
45,Arango E.,,1545,1545,1545,1545,7.0,1.0,0.6,1,1,2026-05-19,20,True,102.8,103.1,104.0,103.8
46,Kasatkina D.,,1537,1528,1530,1541,5.0,0.6,0.65,5,-1,2026-06-22,27,True,101.8,100.2,101.3,103.5
47,Navarro E.,,1547,1546,1539,1543,10.0,0.6,0.5,5,-1,2026-06-21,38,True,101.8,102.0,101.3,102.0
48,Minnen G.,,1539,1530,1536,1546,7.0,0.667,0.6,3,-1,2026-07-11,22,True,101.6,100.0,102.0,104.0
49,Kalinina A.,,1544,1542,1540,1543,-2.0,0.5,0.6,4,-1,2026-05-23,24,True,101.2,101.1,101.5,102.0
50,Vekic D.,,1536,1532,1532,1534,25.0,0.8,0.45,5,2,2026-06-14,28,True,101.1,100.5,101.2,101.5
51,Krejcikova B.,,1554,1560,1551,1542,-11.0,0.429,0.55,7,-2,2026-06-23,23,True,100.8,102.5,101.6,99.4
52,Andreeva E.,,1532,1530,1532,1532,9.0,1.0,0.6,1,1,2026-07-15,15,True,100.6,100.4,101.4,101.3
53,Stearns P.,,1537,1521,1537,1536,5.0,0.5,0.562,2,-1,2026-05-29,16,True,100.2,97.2,101.2,100.9
54,Sramkova R.,,1536,1533,1530,1533,7.0,0.667,0.55,3,2,2026-05-20,31,True,100.1,99.7,99.8,100.3
55,Paolini J.,,1544,1536,1538,1532,-6.0,0.0,0.55,1,-3,2026-07-08,40,True,99.6,98.3,99.5,98.1
56,Begu I.,,1544,1555,1535,1536,-11.0,0.0,0.588,1,-1,2026-06-24,17,True,99.5,102.1,98.7,98.8
57,Bondar A.,,1537,1529,1538,1537,-1.0,0.5,0.55,2,1,2026-05-18,21,True,99.1,97.7,100.3,99.9
58,Tomljanovic A.,,1539,1542,1536,1537,-11.0,0.0,0.611,1,-2,2026-06-13,18,True,99.0,99.9,99.4,99.5
59,Pegula J.,,1551,1544,1541,1550,-8.0,0.333,0.45,3,-2,2026-06-21,55,True,98.9,97.8,98.0,99.8
60,Kraus S.,,1532,1528,1527,1531,1.0,0.5,0.579,4,1,2026-07-16,19,True,98.9,98.3,98.7,99.5
61,Masarova R.,,1537,1518,1536,1540,-9.0,0.0,0.6,1,-3,2026-06-06,21,True,98.7,95.1,99.5,100.2
62,Jones F.,,1516,1506,1518,1514,25.0,0.75,0.529,4,1,2026-07-15,17,True,98.7,96.6,99.6,98.7
63,Lepchenko V.,,1546,1546,1540,1546,-9.0,0.5,0.5,6,-2,2026-07-13,25,True,98.6,99.0,98.5,99.7
64,Putintseva Y.,,1523,1511,1523,1523,14.0,0.667,0.526,3,1,2026-07-16,19,True,98.2,95.9,98.9,98.8
65,Sonmez Z.,,1528,1528,1528,1523,10.0,1.0,0.5,1,1,2026-06-13,22,True,98.1,98.3,98.9,97.7
66,Charaeva A.,,1541,1548,1538,1541,-22.0,0.4,0.6,5,-3,2026-07-16,22,True,97.8,99.5,98.2,98.7
67,Ruse E.,,1520,1526,1515,1518,10.0,0.667,0.526,3,-1,2026-06-26,19,True,97.0,98.3,96.5,97.1
68,Bouzkova M.,,1513,1501,1513,1514,21.0,1.0,0.5,2,4,2026-06-21,28,True,96.9,94.4,97.3,97.5
69,Volynets K.,,1533,1526,1531,1531,-9.0,0.333,0.5,3,-1,2026-07-12,32,True,96.1,94.9,96.6,96.5
70,Linette M.,,1515,1505,1518,1515,13.0,1.0,0.5,1,1,2026-06-26,21,True,96.1,94.0,97.1,96.5
71,Kalinskaya A.,,1514,1513,1514,1512,13.0,1.0,0.5,1,1,2026-05-09,21,True,95.9,95.7,96.3,95.9
72,Bronzetti L.,,1503,1518,1499,1500,17.0,0.625,0.55,8,-2,2026-06-25,33,True,95.3,98.2,94.5,94.8
73,Li A.,,1515,1508,1519,1514,7.0,0.667,0.5,3,-1,2026-06-19,30,True,95.1,93.7,96.4,95.3
74,Maria T.,,1515,1514,1515,1514,4.0,0.5,0.526,2,1,2026-07-12,19,True,95.1,94.9,95.5,95.3
75,Ruzic A.,,1518,1528,1517,1516,-2.0,0.5,0.533,2,-1,2026-04-30,15,True,94.9,97.0,95.2,95.0
76,Parry D.,,1491,1486,1491,1493,40.0,1.0,0.474,3,3,2026-05-17,19,True,94.4,93.2,94.2,94.8
77,Brancaccio N.,,1511,1520,1502,1511,0.0,,0.526,0,-1,2026-03-26,19,True,93.7,95.5,92.0,94.1
78,Grabher J.,,1511,1505,1515,1511,-1.0,0.5,0.533,2,1,2026-07-16,15,True,93.7,92.4,94.9,94.0
79,Cristian J.,,1514,1514,1513,1513,4.0,0.5,0.45,2,1,2026-06-08,32,True,93.5,93.5,93.7,93.7
80,Yuan Y.,,1523,1529,1523,1521,-34.0,0.0,0.55,3,-3,2026-06-23,20,True,93.4,94.7,94.0,93.5
81,Townsend T.,,1508,1511,1507,1506,1.0,0.5,0.5,2,-1,2026-06-21,20,True,92.8,93.4,92.8,92.7
82,Galfi D.,,1508,1506,1508,1508,0.0,,0.5,0,-3,2026-04-08,16,True,92.7,92.2,92.9,93.0
83,Jacquemot E.,,1518,1523,1517,1518,-21.0,0.0,0.55,2,-4,2026-04-28,20,True,92.4,93.5,92.7,92.9
84,Birrell K.,,1495,1496,1495,1492,17.0,0.667,0.45,3,-1,2026-06-24,24,True,91.9,91.9,91.8,91.3
85,Riera J.,,1502,1513,1498,1502,0.0,,0.5,0,5,2026-04-11,20,True,91.5,93.6,90.7,91.7
86,Potapova A.,,1496,1496,1496,1494,11.0,0.5,0.444,4,-2,2026-06-29,18,True,91.0,90.8,90.9,90.7
87,Boulter K.,,1502,1510,1498,1502,-3.0,0.333,0.45,3,-1,2026-06-21,30,True,90.1,91.6,89.3,90.3
88,Monnet C.,,1503,1506,1504,1499,-13.0,0.333,0.5,3,-1,2026-06-18,16,True,89.6,90.1,90.0,89.0
89,Osaka N.,,1496,1505,1497,1490,-8.0,0.25,0.5,4,-3,2026-07-07,29,True,89.1,90.7,89.2,87.9
90,Rakhimova K.,,1504,1509,1503,1504,-15.0,0.0,0.45,2,-4,2026-06-20,25,True,88.6,89.5,88.5,88.8
91,Sawangkaew M.,,1498,1496,1498,1498,-9.0,0.4,0.45,5,1,2026-07-08,21,True,88.4,87.8,88.4,88.5
92,Tararudee L.,,1503,1512,1503,1499,-21.0,0.0,0.471,2,-2,2026-07-01,17,True,88.0,89.8,88.1,87.4
93,Blinkova A.,,1479,1494,1479,1475,3.0,0.5,0.45,4,-2,2026-06-15,21,True,86.6,89.3,86.1,85.5
94,Samsonova L.,,1494,1492,1494,1495,-16.0,0.0,0.45,2,-2,2026-06-23,20,True,86.5,85.9,86.4,86.8
95,Pigossi L.,,1474,1468,1480,1474,13.0,1.0,0.4,1,1,2026-04-27,15,True,86.2,84.6,86.9,85.9
96,Paquet C.,,1469,1471,1470,1469,15.0,0.667,0.412,3,1,2026-06-15,17,True,85.8,85.7,85.3,85.4
97,Lys E.,,1480,1476,1485,1480,0.0,,0.4,0,-2,2026-04-15,15,True,85.4,84.2,86.0,85.1
98,Wang X.,,1466,1469,1468,1467,12.0,0.667,0.4,3,-1,2026-06-21,37,True,84.5,84.6,84.1,84.2
99,Tauson C.,,1477,1491,1475,1474,-16.0,0.0,0.45,2,-3,2026-06-25,24,True,83.2,85.7,82.2,82.3
100,Sakkari M.,,1475,1478,1476,1475,-6.0,0.0,0.375,1,-3,2026-05-08,16,True,83.0,83.2,82.6,82.7
101,Starodubtseva Y.,,1464,1466,1464,1467,1.0,0.5,0.389,2,-1,2026-05-20,18,True,82.2,82.1,81.3,82.3
102,Sasnovich A.,,1470,1477,1470,1469,-8.0,0.0,0.375,1,-2,2026-05-15,16,True,81.7,82.7,81.0,81.1
103,Udvardy P.,,1460,1452,1473,1461,0.0,,0.4,0,-1,2026-04-05,23,True,81.5,79.2,83.3,81.1
104,Kudermetova P.,,1465,1471,1466,1465,-11.0,0.0,0.389,1,-2,2026-05-22,18,True,80.5,81.2,79.9,80.0
105,Waltert S.,,1465,1471,1469,1466,-36.0,0.0,0.375,4,-4,2026-07-14,16,True,78.9,79.6,78.9,78.6
106,Yastremska D.,,1433,1434,1435,1444,16.0,1.0,0.25,1,1,2026-05-16,16,True,76.0,75.3,74.7,77.2
107,Korpatsch T.,,1431,1440,1436,1433,3.0,0.4,0.3,5,-3,2026-06-13,22,True,74.5,75.4,73.8,73.7
108,Lamens S.,,1428,1435,1431,1428,-7.0,0.0,0.294,1,-5,2026-06-16,17,True,72.2,72.7,71.0,71.0
109,Seidel E.,,1427,1437,1429,1427,-8.0,0.0,0.294,1,-1,2026-05-19,17,True,71.9,73.0,70.4,70.6
110,Haddad Maia B.,,1423,1433,1426,1426,0.0,,0.25,0,-5,2026-04-16,16,True,71.5,72.6,70.2,70.9
111,Zhang S.,,1420,1428,1423,1423,-19.0,0.0,0.235,2,-6,2026-05-13,17,True,67.7,68.3,66.3,67.0
,Britez Risso L.,,1558,1558,1558,1558,34.0,1.0,1.0,2,3,2026-07-03,3,False,116.9,117.4,118.4,118.1
,Liang E.,,1574,1574,1574,1574,51.0,1.0,0.778,4,4,2026-05-10,9,False,116.1,116.8,118.1,117.7
,Pohankova M.,,1554,1554,1554,1554,32.0,1.0,1.0,2,3,2026-06-13,3,False,115.8,116.2,117.2,117.0
,Martynov D.,,1569,1569,1569,1569,14.0,1.0,0.833,1,1,2026-07-06,6,False,112.8,113.4,114.6,114.3
,Vandewinkel H.,,1590,1586,1587,1590,-17.0,0.0,0.857,1,-1,2026-06-11,7,False,112.5,112.5,114.2,114.4
,Gibson T.,,1570,1563,1570,1568,15.0,1.0,0.727,1,3,2026-06-17,11,False,111.2,110.4,113.1,112.3
,Morvayova V.,,1540,1540,1540,1540,19.0,1.0,1.0,1,2,2026-07-11,2,False,111.0,111.3,112.1,111.9
,Boisson L.,,1592,1584,1585,1592,-30.0,0.0,0.769,2,-2,2026-05-19,13,False,110.8,110.0,111.7,112.7
,Romero Gormaz L.,,1555,1555,1555,1555,27.0,1.0,0.7,2,5,2026-06-07,10,False,109.7,110.2,111.2,110.9
,Ito A.,,1553,1551,1553,1552,15.0,1.0,0.8,1,1,2026-05-30,5,False,109.3,109.3,110.7,110.2
,Kalieva E.,,1557,1557,1557,1557,0.0,,0.8,0,2,2026-04-12,5,False,107.7,108.2,109.2,108.9
,Bolkvadze M.,,1557,1552,1552,1555,11.0,1.0,0.7,1,3,2026-06-24,10,False,107.6,107.0,108.0,108.4
,Li Z.,,1532,1532,1532,1532,33.0,1.0,0.75,2,2,2026-05-04,4,False,107.1,107.3,107.9,107.8
,Vedder E.,,1551,1547,1549,1551,13.0,1.0,0.714,1,2,2026-07-14,7,False,107.0,106.6,107.9,108.1
,Salkova D.,,1554,1553,1554,1554,13.0,1.0,0.667,1,4,2026-06-10,9,False,106.7,106.9,108.1,107.9
,Marti S.,,1552,1552,1552,1552,-6.0,0.5,0.8,2,1,2026-06-06,5,False,105.8,106.2,107.1,106.9
,McNally C.,,1539,1537,1539,1536,23.0,0.667,0.667,3,-1,2026-06-25,6,False,105.3,105.2,106.4,105.6
,Burillo Escorihuela I.,,1543,1536,1545,1543,11.0,1.0,0.714,1,4,2026-07-08,7,False,105.1,104.0,106.7,106.1
,Sakatsume H.,,1559,1560,1559,1553,-4.0,0.5,0.667,2,1,2026-06-14,12,False,105.0,105.7,106.6,105.0
,Grant T.,,1540,1537,1539,1540,19.0,0.667,0.667,3,-1,2026-06-07,6,False,104.9,104.6,105.8,105.8
,Lazaro Garcia A.,,1555,1556,1555,1550,0.0,,0.636,0,2,2026-03-29,11,False,104.3,105.0,105.8,104.4
,Bouzas Maneiro J.,,1530,1526,1530,1530,34.0,1.0,0.571,3,3,2026-06-29,14,False,103.6,102.9,104.4,104.3
,Friedsam A.,,1548,1553,1548,1545,0.0,,0.667,0,-2,2026-04-12,9,False,103.5,104.9,104.8,103.9
,Krueger A.,,1530,1520,1529,1528,39.0,1.0,0.538,3,4,2026-06-14,13,False,103.2,101.3,103.8,103.5
,Costoulas S.,,1541,1541,1541,1541,13.0,0.667,0.6,3,-1,2026-07-14,10,False,102.9,103.3,104.0,103.9
,Cherubini D.,,1539,1539,1539,1539,-2.0,0.5,0.75,2,-1,2026-04-30,4,False,102.9,103.2,104.0,103.8
,Sorribes Tormo S.,,1523,1525,1523,1521,39.0,1.0,0.571,3,4,2026-06-05,14,False,102.4,103.0,103.1,102.6
,Rakotomanga Rajaonah T.,,1540,1540,1540,1540,9.0,0.667,0.615,3,-1,2026-06-19,13,False,102.4,102.7,103.5,103.3
,Knutson G.,,1546,1541,1545,1542,-4.0,0.5,0.636,2,-1,2026-06-04,11,False,101.9,101.2,102.9,102.1
,Vandromme J.,,1519,1513,1519,1519,41.0,0.667,0.571,6,1,2026-07-14,7,False,101.7,100.5,102.2,102.2
,Zhu L.,,1553,1548,1553,1552,-12.0,0.0,0.615,1,-1,2026-06-15,13,False,101.6,101.0,103.0,102.6
,Semenistaja D.,,1526,1525,1526,1526,6.0,0.667,0.583,3,-1,2026-06-07,12,False,98.6,98.5,99.3,99.3
,Ostapenko J.,,1541,1540,1538,1538,-14.0,0.0,0.571,1,-2,2026-04-26,14,False,98.2,98.3,98.6,98.5
,Bartunkova N.,,1527,1525,1527,1525,5.0,0.5,0.556,2,-1,2026-06-07,9,False,98.2,97.9,98.9,98.4
,Urgesi F.,,1522,1522,1520,1522,-2.0,0.5,0.667,2,-1,2026-07-15,3,False,98.1,98.2,98.3,98.7
,Brockmann T.,,1517,1519,1516,1517,0.0,,0.667,0,2,2026-04-13,3,False,97.5,97.9,97.7,97.9
,Snigur D.,,1525,1524,1525,1521,3.0,0.5,0.538,2,1,2026-06-21,13,False,97.1,97.1,97.8,96.9
,Radivojevic L.,,1532,1536,1529,1529,-13.0,0.0,0.583,1,-2,2026-07-16,12,False,96.8,97.8,97.0,96.9
,Zolotareva A.,,1516,1516,1516,1516,-4.0,0.5,0.667,2,-1,2026-05-17,3,False,96.6,96.7,97.1,97.1
,Bandecchi S.,,1502,1502,1502,1502,23.0,0.667,0.5,3,2,2026-06-17,4,False,95.1,95.0,95.2,95.3
,Cengiz B.,,1521,1521,1521,1521,-21.0,0.0,0.667,1,-1,2026-05-06,3,False,95.1,95.2,95.7,95.7
,Sun L.,,1527,1531,1525,1527,-14.0,0.0,0.538,1,-4,2026-04-20,13,False,94.9,95.8,95.1,95.5
,Quadre B.,,1501,1501,1501,1501,23.0,1.0,0.5,1,1,2026-07-15,2,False,94.9,94.8,95.0,95.1
,Timofeeva M.,,1494,1493,1494,1494,46.0,1.0,0.455,3,3,2026-06-07,11,False,94.7,94.3,94.6,94.7
,Martincova T.,,1515,1513,1515,1515,-3.0,0.5,0.556,4,-2,2026-06-20,9,False,94.6,94.2,95.0,95.0
,Ibragimova A.,,1502,1498,1503,1502,19.0,0.667,0.5,3,1,2026-07-13,6,False,94.5,93.5,94.8,94.7
,Zhu C.,,1499,1499,1499,1499,22.0,1.0,0.5,1,1,2026-05-02,2,False,94.4,94.2,94.4,94.5
,Jakupovic D.,,1500,1497,1501,1500,19.0,1.0,0.5,1,2,2026-07-12,4,False,94.1,93.3,94.3,94.2
,Guo H.,,1512,1513,1512,1512,-2.0,0.5,0.556,4,-2,2026-06-07,9,False,94.1,94.3,94.5,94.5
,Curmi F.,,1499,1498,1499,1499,20.0,1.0,0.5,1,1,2026-07-06,2,False,94.0,93.7,94.0,94.2
,Ferro F.,,1518,1522,1516,1518,-10.0,0.0,0.538,1,-2,2026-05-12,13,False,93.7,94.6,93.8,94.2
,Radisic N.,,1495,1495,1495,1495,21.0,1.0,0.5,1,1,2026-06-01,2,False,93.4,93.2,93.3,93.5
,Bassols Ribera M.,,1501,1505,1500,1501,9.0,0.667,0.5,3,-1,2026-05-02,14,False,92.7,93.4,92.5,92.9
,Stephens S.,,1507,1507,1507,1507,0.0,,0.5,0,1,2026-04-06,8,False,92.5,92.4,92.7,92.7
,Fruhvirtova L.,,1514,1510,1514,1515,-15.0,0.0,0.538,1,-2,2026-06-09,13,False,92.2,91.3,92.6,92.8
,Gorgodze E.,,1512,1501,1518,1512,-15.0,0.0,0.556,1,-2,2026-05-05,9,False,92.1,89.8,93.8,92.5
,You X.,,1502,1502,1502,1502,2.0,0.5,0.5,2,-1,2026-05-10,8,False,91.8,91.7,91.9,92.0
,Werner C.,,1512,1504,1516,1512,-17.0,0.0,0.545,1,-3,2026-05-01,11,False,91.6,89.9,92.8,92.0
,Samson L.,,1501,1499,1502,1501,0.0,0.5,0.5,2,-1,2026-06-13,4,False,91.3,90.7,91.6,91.5
,Zhao C.,,1500,1500,1500,1500,0.0,,0.5,0,-2,2026-03-28,8,False,91.1,90.9,91.1,91.2
,Jeanjean L.,,1506,1506,1505,1506,-11.0,0.4,0.5,5,-1,2026-07-11,12,False,90.5,90.5,90.5,90.8
,Aksu A.,,1485,1485,1485,1485,25.0,0.667,0.4,3,-1,2026-06-21,5,False,90.3,90.0,89.9,90.1
,Zvonareva V.,,1495,1496,1495,1495,1.0,0.5,0.5,2,-1,2026-06-15,4,False,90.3,90.3,90.2,90.3
,Noha Akugue N.,,1506,1505,1504,1507,-14.0,0.0,0.5,1,-1,2026-06-05,10,False,90.1,89.8,89.8,90.5
,Reyngold E.,,1507,1508,1507,1507,-17.0,0.0,0.5,1,-1,2026-04-28,4,False,89.8,89.9,90.0,90.1
,Bai Z.,,1504,1504,1504,1504,-14.0,0.0,0.5,1,-1,2026-05-09,6,False,89.7,89.6,89.8,89.9
,Niemeier J.,,1504,1512,1501,1503,-14.0,0.0,0.5,1,-2,2026-06-02,10,False,89.7,91.2,89.2,89.7
,Jimenez Kasintseva V.,,1509,1507,1509,1509,-24.0,0.0,0.5,2,-2,2026-06-02,14,False,89.7,89.3,90.0,90.0
,Hesse A.,,1502,1498,1503,1502,-13.0,0.0,0.5,1,-1,2026-07-08,6,False,89.5,88.5,89.8,89.6
,Shymanovich I.,,1485,1485,1485,1485,16.0,1.0,0.429,1,1,2026-06-08,7,False,89.4,89.1,89.0,89.2
,Gjorcheska L.,,1485,1485,1485,1487,19.0,1.0,0.4,1,1,2026-06-25,5,False,89.3,89.0,89.0,89.6
,Yaneva E.,,1505,1505,1505,1505,-18.0,0.0,0.5,1,-1,2026-06-20,2,False,89.2,89.2,89.4,89.5
,Lew Yan Foon A.,,1501,1505,1500,1501,-15.0,0.333,0.5,3,-1,2026-07-06,8,False,88.9,89.6,88.8,89.1
,Inglis M.,,1483,1486,1483,1483,16.0,1.0,0.4,1,1,2026-06-07,10,False,88.5,88.7,88.1,88.3
,Rouvroy M.,,1499,1502,1498,1499,-17.0,0.0,0.5,1,-2,2026-07-12,6,False,88.2,88.7,88.0,88.4
,Dittmann G.,,1501,1501,1501,1501,-22.0,0.0,0.5,1,-1,2026-07-05,2,False,88.2,88.0,88.2,88.3
,Zhu A.,,1501,1501,1501,1501,-22.0,0.0,0.5,1,-1,2026-04-27,2,False,88.2,88.0,88.2,88.3
,Kuzmova K.,,1501,1501,1501,1501,-23.0,0.0,0.5,1,-1,2026-06-17,2,False,88.2,88.0,88.2,88.3
,Tsantaniony I.,,1499,1499,1499,1499,-23.0,0.0,0.5,1,-1,2026-07-15,2,False,87.8,87.6,87.8,87.9
,Palicova B.,,1482,1482,1482,1482,21.0,1.0,0.333,1,1,2026-06-03,3,False,87.8,87.5,87.4,87.6
,Podrez V.,,1490,1490,1490,1490,11.0,0.5,0.333,2,-1,2026-04-19,3,False,87.8,87.6,87.6,87.8
,Trevisan M.,,1498,1484,1506,1498,-23.0,0.0,0.5,2,-3,2026-06-16,14,False,87.6,84.5,89.3,87.7
,Belgraver J.,,1477,1476,1479,1477,17.0,1.0,0.375,1,1,2026-04-26,8,False,87.0,86.4,86.9,86.7
,Jorge F.,,1494,1497,1492,1493,-14.0,0.0,0.429,1,-2,2026-05-20,7,False,86.4,86.8,85.9,86.3
,Karatancheva L.,,1481,1485,1481,1481,0.0,,0.429,0,1,2026-03-28,7,False,86.1,86.6,85.6,85.9
,Bolsova A.,,1489,1489,1489,1489,-14.0,0.0,0.444,1,-5,2026-04-29,9,False,85.7,85.5,85.5,85.7
,Vidmanova D.,,1467,1470,1467,1468,23.0,0.667,0.333,3,-1,2026-07-09,9,False,85.2,85.3,84.4,85.0
,Pigato L.,,1481,1482,1481,1481,3.0,0.5,0.333,2,1,2026-07-07,3,False,84.8,84.7,84.4,84.6
,Burel C.,,1471,1466,1474,1471,7.0,0.5,0.364,2,1,2026-07-13,11,False,84.1,82.6,84.0,83.7
,Fita Boluda A.,,1488,1487,1489,1488,-19.0,0.0,0.4,1,-2,2026-07-07,5,False,84.0,83.5,83.9,83.9
,Stoiana M.,,1486,1490,1486,1486,-34.0,0.0,0.429,2,-2,2026-06-13,7,False,83.9,84.5,83.6,83.8
,Vergara Rivera A.,,1478,1478,1478,1478,0.0,,0.333,0,-1,2026-04-10,3,False,83.8,83.4,83.2,83.5
,Kabbaj Y.,,1488,1488,1488,1488,-32.0,0.0,0.4,2,-3,2026-05-21,5,False,83.8,83.5,83.5,83.7
,Maristany Zuleta De Reales G.,,1465,1471,1466,1466,15.0,1.0,0.333,1,1,2026-05-04,6,False,83.6,84.3,82.9,83.3
,Ponchet J.,,1473,1473,1473,1473,0.0,,0.333,0,-2,2026-04-14,6,False,82.8,82.3,82.1,82.4
,Ciric Bagaric L.,,1482,1479,1484,1482,-19.0,0.0,0.4,1,-3,2026-06-03,5,False,82.8,81.8,82.8,82.6
,Grammatikopoulou V.,,1482,1482,1482,1482,-17.0,0.0,0.333,1,-2,2026-07-13,3,False,81.9,81.5,81.4,81.7
,Ricci B.,,1483,1483,1483,1483,-19.0,0.0,0.333,1,-2,2026-06-07,3,False,81.8,81.4,81.3,81.6
,Urhobo A.,,1469,1469,1469,1469,5.0,0.5,0.25,2,1,2026-06-08,4,False,81.3,80.8,80.5,80.8
,Tan H.,,1480,1482,1480,1480,-23.0,0.0,0.333,1,-1,2026-06-12,3,False,81.0,81.1,80.5,80.8
,Naef C.,,1457,1457,1457,1457,8.0,0.5,0.333,4,-1,2026-06-14,9,False,80.9,80.3,79.8,80.3
,Quevedo K.,,1473,1470,1478,1473,-19.0,0.25,0.364,4,-1,2026-07-16,11,False,80.4,79.3,80.8,80.0
,Ryser V.,,1462,1462,1462,1462,5.0,0.5,0.25,2,-1,2026-06-18,4,False,79.9,79.3,79.0,79.3
,Lee G.,,1465,1465,1468,1466,0.0,,0.25,0,-3,2026-04-13,4,False,79.7,79.2,79.5,79.4
,Dolehide C.,,1461,1469,1462,1463,-12.0,0.0,0.385,1,-5,2026-07-08,13,False,79.5,80.6,78.8,79.3
,Petkovic A.,,1462,1464,1463,1462,0.0,,0.25,0,-2,2026-03-23,4,False,79.1,79.0,78.4,78.5
,Hercog P.,,1457,1462,1458,1457,-11.0,0.0,0.333,1,-1,2026-05-18,9,False,78.0,78.3,77.1,77.3
,Garland J.,,1452,1456,1452,1453,-5.0,0.333,0.333,3,-1,2026-06-07,12,False,77.9,78.1,76.7,77.4
,Mediorreal Arias V.,,1479,1479,1479,1479,0.0,,0.0,0,-1,2026-03-30,1,False,77.9,77.5,77.4,77.6
,Van Zyl J.,,1478,1478,1478,1478,0.0,,0.0,0,-1,2026-04-06,1,False,77.7,77.3,77.1,77.4
,Reasco Gonzalez M.,,1477,1477,1477,1477,0.0,,0.0,0,-1,2026-04-11,1,False,77.5,77.1,76.9,77.2
,Freitas A.,,1476,1476,1476,1476,0.0,,0.0,0,-1,2026-04-12,1,False,77.3,76.9,76.7,77.0
,Ngounoue C.,,1466,1466,1466,1466,-18.0,0.0,0.25,1,-3,2026-06-08,4,False,77.1,76.6,76.2,76.6
,Preston T.,,1446,1449,1448,1451,-6.0,0.333,0.308,3,-1,2026-06-18,13,False,76.1,76.0,75.2,76.3
,Kozyreva M.,,1461,1461,1461,1461,-18.0,0.0,0.25,1,-2,2026-06-01,4,False,76.1,75.5,75.1,75.5
,Dodin O.,,1448,1445,1451,1448,3.0,0.5,0.2,2,-1,2026-07-06,5,False,76.0,74.6,75.3,75.1
,Toth A.,,1447,1447,1447,1447,2.0,0.5,0.2,2,-1,2026-06-15,5,False,75.6,74.9,74.3,74.7
,Uchijima M.,,1434,1442,1437,1440,9.0,0.5,0.25,2,-1,2026-07-08,12,False,75.1,75.9,74.1,75.3
,Tagger L.,,1452,1452,1452,1452,-21.0,0.0,0.3,2,-4,2026-07-15,10,False,75.0,74.3,73.7,74.2
,Rinaldo Persson K.,,1457,1457,1457,1457,0.0,,0.0,0,-2,2026-04-08,2,False,73.6,73.0,72.5,72.9
,Zheng W.,,1447,1447,1447,1447,-14.0,0.0,0.2,1,-2,2026-05-04,5,False,73.1,72.4,71.8,72.2
,Day K.,,1444,1447,1446,1444,-17.0,0.0,0.2,1,-2,2026-05-18,5,False,72.1,71.9,71.1,71.1
,Xu M.,,1463,1463,1463,1462,-17.0,0.0,0.0,1,-2,2026-05-31,2,False,72.1,71.5,71.2,71.3
,Brengle M.,,1463,1463,1463,1464,-17.0,0.0,0.0,1,-2,2026-07-10,2,False,72.1,71.5,71.2,71.7
,Paganetti V.,,1464,1464,1464,1464,-20.0,0.0,0.0,1,-2,2026-06-02,2,False,71.8,71.3,70.9,71.3
,Steiner V.,,1461,1462,1462,1461,-17.0,0.0,0.0,1,-2,2026-05-16,2,False,71.7,71.3,70.9,71.1
,Sakellaridi S.,,1460,1461,1461,1460,-17.0,0.0,0.0,1,-2,2026-06-01,2,False,71.5,71.1,70.7,70.9
,Nugroho P.,,1460,1460,1460,1460,-19.0,0.0,0.0,1,-2,2026-05-03,2,False,71.2,70.6,70.2,70.6
,Zakharova A.,,1433,1440,1435,1433,-29.0,0.0,0.286,3,-3,2026-05-25,14,False,71.0,71.6,69.7,69.9
,Wang J.,,1456,1456,1456,1456,-19.0,0.0,0.0,1,-2,2026-05-05,2,False,70.4,69.8,69.3,69.7
,Salden L.,,1456,1456,1456,1456,-22.0,0.0,0.0,1,-2,2026-06-14,2,False,70.3,69.6,69.1,69.6
,Shi H.,,1456,1457,1457,1456,-20.0,0.0,0.0,1,-2,2026-04-27,2,False,70.3,69.8,69.4,69.6
,Klimovicova L.,,1451,1452,1451,1452,-17.0,0.0,0.0,1,-3,2026-06-01,3,False,69.8,69.3,68.5,69.2
,Kulambayeva Z.,,1445,1447,1447,1445,-16.0,0.0,0.0,1,-3,2026-05-16,3,False,68.7,68.4,67.8,67.8
,Stojsavljevic M.,,1442,1444,1442,1444,-16.0,0.0,0.0,1,-3,2026-06-09,3,False,68.2,67.8,66.7,67.6
,Pedone G.,,1442,1444,1444,1442,-16.0,0.0,0.0,1,-3,2026-06-05,3,False,68.2,67.8,67.1,67.2
,Mikulskyte J.,,1427,1429,1429,1427,0.0,,0.0,0,-4,2026-04-07,4,False,67.8,67.2,66.3,66.5
,Ce G.,,1441,1442,1443,1441,-17.0,0.0,0.0,1,-3,2026-05-11,3,False,67.8,67.2,66.7,66.8
,Alvarez Fu I.,,1443,1443,1443,1443,-34.0,0.0,0.0,2,-3,2026-07-02,3,False,67.7,66.9,66.3,66.8
,Zidansek T.,,1409,1418,1414,1409,0.0,,0.182,0,-2,2026-03-28,11,False,67.6,68.3,66.3,66.0
,Koevermans A.,,1424,1424,1432,1424,-15.0,0.0,0.143,1,-5,2026-05-04,7,False,67.4,66.4,67.2,66.1
,Avanesyan E.,,1420,1420,1429,1420,-17.0,0.0,0.182,2,-8,2026-07-15,11,False,67.1,66.0,67.0,65.7
,Rodriguez J.,,1428,1428,1428,1428,-15.0,0.0,0.0,1,-4,2026-07-04,4,False,65.6,64.6,63.8,64.4
,Durham N.,,1428,1428,1428,1428,-49.0,0.0,0.0,3,-4,2026-06-18,4,False,64.8,63.9,63.0,63.6
,Tubello A.,,1427,1427,1427,1427,-50.0,0.0,0.0,3,-4,2026-07-10,4,False,64.6,63.6,62.7,63.4
,Ristic M.,,1420,1424,1423,1420,-41.0,0.0,0.0,3,-5,2026-07-15,5,False,63.3,63.0,61.9,61.9
,Efremova K.,,1489,1489,1489,1489,,0.333,0.333,3,-2,2026-05-24,3,False,,,,
,Panshina V.,,1522,1522,1522,1522,,1.0,1.0,1,1,2026-04-26,1,False,,,,
,Dang Y.,,1478,1478,1478,1478,,0.0,0.0,1,-1,2026-04-26,1,False,,,,
,Yuan C.,,1524,1524,1524,1524,,1.0,1.0,1,1,2026-04-27,1,False,,,,
,Teixido Garcia M.,,1475,1475,1475,1475,,0.0,0.0,1,-1,2026-04-27,1,False,,,,
,Nguyen Tan L.,,1524,1524,1524,1524,,1.0,1.0,1,1,2026-04-27,1,False,,,,
,Bosio V.,,1465,1466,1466,1465,,0.0,0.0,2,-2,2026-07-13,2,False,,,,
,Zolotareva R.,,1480,1480,1480,1480,,0.0,0.0,1,-1,2026-05-01,1,False,,,,
,Bao L.,,1522,1522,1522,1522,,1.0,1.0,1,1,2026-05-02,1,False,,,,
,Moser T.,,1478,1478,1478,1478,,0.0,0.0,1,-1,2026-05-02,1,False,,,,
,Cortez Llorca L.,,1522,1522,1522,1522,,1.0,1.0,1,1,2026-05-02,1,False,,,,
,Ulueren S.,,1478,1478,1478,1478,,0.0,0.0,1,-1,2026-05-02,1,False,,,,
,Ye Q.,,1476,1476,1476,1476,,0.0,0.0,1,-1,2026-05-02,1,False,,,,
,Shinikova I.,,1479,1479,1479,1479,,0.0,0.0,1,-1,2026-05-04,1,False,,,,
,Kinoshita H.,,1463,1464,1463,1464,,0.0,0.0,2,-2,2026-06-24,2,False,,,,
,Radovanovic N.,,1522,1522,1522,1522,,1.0,1.0,1,1,2026-05-09,1,False,,,,
,Wobmann K.,,1478,1478,1478,1478,,0.0,0.0,1,-1,2026-05-09,1,False,,,,
,Chiesa D.,,1542,1541,1541,1542,,1.0,1.0,2,2,2026-07-16,2,False,,,,
,Lysykh I.,,1526,1526,1526,1526,,1.0,1.0,1,1,2026-05-16,1,False,,,,
,Cross K.,,1501,1502,1499,1501,,0.5,0.5,2,1,2026-06-07,2,False,,,,
,Stadler N.,,1522,1522,1522,1522,,1.0,1.0,1,1,2026-05-30,1,False,,,,
,Gerlach M.,,1478,1478,1478,1478,,0.0,0.0,1,-1,2026-05-30,1,False,,,,
,Rajecki A.,,1480,1480,1480,1480,,0.0,0.0,1,-1,2026-05-30,1,False,,,,
,Hennemann C.,,1524,1524,1524,1524,,1.0,1.0,1,1,2026-06-02,1,False,,,,
,Mair L.,,1477,1477,1477,1477,,0.0,0.0,1,-1,2026-06-04,1,False,,,,
,Hertel A.,,1480,1480,1480,1480,,0.0,0.0,1,-1,2026-06-06,1,False,,,,
,Du Pree B.,,1474,1474,1474,1474,,0.0,0.0,1,-1,2026-06-06,1,False,,,,
,Knight M.,,1476,1476,1476,1476,,0.0,0.0,1,-1,2026-06-07,1,False,,,,
,Basiletti N.,,1503,1503,1503,1503,,0.5,0.5,2,-1,2026-06-09,2,False,,,,
,Swan K.,,1525,1525,1525,1525,,1.0,1.0,1,1,2026-06-10,1,False,,,,
,Garakani S.,,1475,1475,1475,1475,,0.0,0.0,1,-1,2026-06-14,1,False,,,,
,Dudeney A.,,1481,1481,1481,1480,,0.0,0.0,1,-1,2026-06-14,1,False,,,,
,Lizarazo Y.,,1480,1480,1480,1480,,0.0,0.0,1,-1,2026-06-15,1,False,,,,
,Graham K.,,1519,1519,1519,1519,,0.667,0.667,3,-1,2026-06-19,3,False,,,,
,Dookie J.,,1499,1499,1499,1499,,0.5,0.5,2,1,2026-06-20,2,False,,,,
,Zamarripa A.,,1499,1499,1499,1499,,0.5,0.5,2,-1,2026-06-16,2,False,,,,
,Martinez Vaquero M.,,1478,1478,1478,1478,,0.0,0.0,1,-1,2026-06-15,1,False,,,,
,Bjornestad A.,,1521,1521,1521,1521,,1.0,1.0,1,1,2026-06-16,1,False,,,,
,Gallegos L.,,1540,1540,1540,1540,,1.0,1.0,2,2,2026-06-19,2,False,,,,
,Souhrada S.,,1476,1476,1476,1476,,0.0,0.0,1,-1,2026-06-20,1,False,,,,
,Dominguez Collado D.,,1520,1520,1520,1520,,1.0,1.0,1,1,2026-07-02,1,False,,,,
,Rivera Corado M.,,1480,1480,1480,1480,,0.0,0.0,1,-1,2026-07-03,1,False,,,,
,Espinal Sanchez N.,,1519,1519,1519,1519,,1.0,1.0,1,1,2026-07-04,1,False,,,,
,Arseneault A.,,1522,1522,1522,1522,,1.0,1.0,1,1,2026-07-05,1,False,,,,
,Osuigwe V.,,1478,1478,1478,1478,,0.0,0.0,1,-1,2026-07-05,1,False,,,,
,Deng T.,,1475,1475,1476,1475,,0.0,0.0,1,-1,2026-07-06,1,False,,,,
,Zaar L.,,1481,1481,1481,1481,,0.0,0.0,1,-1,2026-07-07,1,False,,,,
,Sziedat F.,,1479,1479,1479,1479,,0.0,0.0,1,-1,2026-07-11,1,False,,,,
,Hodzic M.,,1522,1522,1522,1522,,1.0,1.0,1,1,2026-07-12,1,False,,,,
,Yashina E.,,1478,1478,1478,1478,,0.0,0.0,1,-1,2026-07-12,1,False,,,,
,Burcescu M.,,1482,1482,1482,1482,,0.0,0.0,1,-1,2026-07-12,1,False,,,,
,Malygina E.,,1522,1522,1522,1522,,1.0,1.0,1,1,2026-07-12,1,False,,,,
,Turini V.,,1478,1478,1478,1478,,0.0,0.0,1,-1,2026-07-12,1,False,,,,
,Kotliar Y.,,1479,1479,1479,1479,,0.0,0.0,1,-1,2026-07-13,1,False,,,,
,Attig S.,,1543,1543,1543,1543,,1.0,1.0,2,2,2026-07-16,2,False,,,,
,Mebarki R.,,1478,1478,1478,1478,,0.0,0.0,1,-1,2026-07-13,1,False,,,,
,Wolff V.,,1478,1478,1478,1478,,0.0,0.0,1,-1,2026-07-14,1,False,,,,
,Pace F.,,1480,1480,1480,1480,,0.0,0.0,1,-1,2026-07-14,1,False,,,,
,Sahnoun N.,,1522,1522,1522,1522,,1.0,1.0,1,1,2026-07-14,1,False,,,,
,Chepkemei Yego S.,,1478,1478,1478,1478,,0.0,0.0,1,-1,2026-07-14,1,False,,,,
,Bennemann E.,,1479,1479,1479,1479,,0.0,0.0,1,-1,2026-07-16,1,False,,,,
,Klu G.,,1502,1502,1502,1502,,0.5,0.5,2,-1,2026-07-16,2,False,,,,
,Van Schalkwyk M.,,1478,1478,1478,1478,,0.0,0.0,1,-1,2026-07-16,1,False,,,,
,Micic E.,,1484,1484,1484,1484,,0.0,0.0,1,-1,2026-07-16,1,False,,,,
,Perelygina E.,,1478,1478,1478,1478,,0.0,0.0,1,-1,2026-07-16,1,False,,,,
