player,matchs_chartes,ace_pct,df_pct,first_in_pct,first_won_pct,second_won_pct,bp_saved_pct,return_won_pct,winners_match,ue_match,w_ue_ratio,fh_winners_match,bh_winners_match
Iga Swiatek,226,3.9,3.5,63.5,68.4,52.8,60.1,48.7,21.9,24.2,0.91,11.6,7.7
Bianca Andreescu,186,3.3,4.4,64.3,64.3,48.8,57.9,43.7,22.8,30.4,0.75,12.3,7.9
Caroline Wozniacki,155,3.5,2.8,67.3,65.4,48.6,58.9,48.9,16.7,17.5,0.95,6.6,7.0
Elina Svitolina,147,4.5,3.9,60.7,65.8,45.7,56.4,44.2,20.0,25.2,0.79,10.1,6.0
Serena Williams,145,11.7,4.5,60.5,72.4,47.0,60.1,45.4,27.8,26.4,1.05,11.1,8.4
Elena Rybakina,130,9.3,3.8,57.6,73.0,50.5,63.8,44.3,26.3,25.3,1.04,12.0,7.0
Kiki Bertens,121,7.1,5.9,59.5,69.1,46.4,57.0,43.7,21.6,29.7,0.73,11.0,5.3
Mirra Andreeva,113,4.2,4.9,62.2,66.7,47.8,59.6,46.3,22.6,27.3,0.83,9.8,9.2
Maria Sharapova,110,5.7,8.0,62.3,67.8,44.6,58.0,45.0,24.5,30.1,0.81,12.1,7.6
Coco Gauff,109,5.7,7.7,62.2,68.9,45.3,56.5,45.2,18.9,24.8,0.76,7.9,6.8
Victoria Azarenka,98,3.8,5.9,66.1,63.4,43.5,57.3,45.4,20.4,22.7,0.9,8.7,8.6
Petra Kvitova,96,6.5,5.9,62.3,68.4,47.8,61.1,42.9,27.5,32.0,0.86,13.8,7.8
Garbine Muguruza,94,5.1,4.4,62.9,66.6,45.8,56.4,44.2,20.8,26.7,0.78,8.3,8.3
Venus Williams,90,4.7,5.6,61.2,65.9,43.9,55.0,43.7,24.1,31.0,0.78,11.8,7.9
Steffi Graf,85,4.1,2.9,66.5,65.1,50.8,57.3,46.1,23.8,29.2,0.82,15.3,5.5
Jessica Pegula,81,3.8,3.2,61.1,65.8,47.3,59.2,43.9,19.3,23.3,0.83,9.5,6.7
Sofia Kenin,78,2.2,5.2,67.4,63.1,46.6,58.2,40.2,21.6,28.0,0.77,9.3,10.3
Angelique Kerber,78,1.6,3.6,67.8,60.6,46.9,55.6,42.6,20.3,25.7,0.79,12.6,6.4
Karolina Pliskova,77,8.7,5.6,62.0,69.9,44.5,61.9,41.3,24.8,26.5,0.93,11.4,5.7
Belinda Bencic,77,3.9,5.2,63.5,67.9,44.9,57.6,43.4,20.5,21.7,0.95,8.5,9.0
Amanda Anisimova,72,3.6,5.6,63.4,63.3,47.7,56.6,44.9,25.1,31.8,0.79,12.7,9.4
Karolina Muchova,70,5.2,2.7,63.6,66.9,51.2,57.3,43.2,23.6,26.5,0.89,13.0,6.6
Magda Linette,69,4.2,2.7,61.2,64.3,46.4,56.8,39.6,19.3,22.9,0.84,9.7,6.4
Emma Raducanu,68,4.3,4.2,67.2,64.4,44.8,56.0,43.2,17.1,23.0,0.74,8.1,5.7
Daria Kasatkina,67,2.1,6.7,67.6,59.1,39.3,51.3,45.5,17.1,27.8,0.62,10.3,5.1
Madison Keys,67,8.2,3.6,63.9,68.6,47.5,57.3,42.2,26.8,30.4,0.88,13.5,6.7
Naomi Osaka,67,8.9,3.6,58.3,71.6,45.5,55.9,41.6,25.1,29.0,0.86,10.9,7.7
Arantxa Rus,64,2.4,4.2,71.5,59.8,45.9,59.4,45.2,16.2,29.6,0.55,10.5,3.9
Maria Sakkari,63,4.4,4.4,61.4,65.5,45.1,59.0,41.7,20.7,29.7,0.7,11.0,5.9
Ekaterina Alexandrova,60,7.0,7.0,58.6,68.4,43.7,55.6,43.0,26.2,31.2,0.84,12.5,7.6
Eugenie Bouchard,60,2.9,4.0,60.4,62.9,45.1,54.4,44.1,21.1,27.6,0.76,10.5,7.6
Marta Kostyuk,58,3.8,7.5,59.9,66.7,44.6,57.8,44.5,24.6,31.3,0.79,13.3,7.9
Aryna Sabalenka,57,6.0,5.0,62.6,67.0,51.0,59.2,43.4,26.3,24.2,1.09,13.4,8.4
Donna Vekic,54,5.3,6.9,55.9,68.3,44.2,54.9,40.9,23.5,30.1,0.78,12.6,6.2
Agnieszka Radwanska,53,3.1,1.8,65.7,63.3,45.2,58.3,44.3,17.5,19.7,0.89,8.7,6.1
Justine Henin,52,3.9,6.6,54.4,67.4,48.2,57.5,46.1,22.2,27.6,0.8,12.2,6.6
Jasmine Paolini,51,1.7,2.4,67.8,62.1,48.1,54.5,45.1,19.7,24.9,0.79,12.4,6.0
Jelena Ostapenko,51,4.6,7.6,56.9,64.1,42.7,52.8,43.3,27.6,32.0,0.87,13.8,10.5
Ashleigh Barty,50,8.5,3.8,57.9,73.7,51.2,64.9,44.2,26.0,29.4,0.89,14.4,4.6
Paula Badosa,49,5.6,7.2,61.5,67.5,44.5,57.9,44.2,21.8,24.8,0.88,10.9,6.3
Ana Ivanovic,48,5.3,6.1,58.5,69.3,45.8,59.8,43.8,25.8,27.6,0.93,15.1,6.1
Qinwen Zheng,48,8.7,6.5,52.0,73.6,43.9,53.8,44.8,24.1,26.4,0.91,11.8,5.8
Linda Noskova,47,6.0,6.5,60.4,68.9,44.1,57.2,40.0,24.4,26.9,0.91,11.7,8.0
Elena Dementieva,47,2.0,7.7,62.7,62.9,44.1,53.9,46.6,22.2,30.7,0.72,13.6,6.5
Kim Clijsters,44,3.6,6.0,65.1,64.6,44.0,53.6,46.5,22.2,31.3,0.71,12.7,6.5
Leylah Fernandez,44,3.4,5.4,64.7,65.4,47.1,55.2,42.0,22.8,24.0,0.95,11.3,8.8
Iva Jovic,44,3.0,2.8,61.1,63.0,51.2,58.0,46.0,19.5,26.3,0.74,10.8,6.0
Danielle Collins,43,5.1,6.4,55.9,67.3,49.3,58.3,43.9,25.4,28.4,0.89,10.4,10.9
Marketa Vondrousova,43,3.1,6.7,60.3,63.9,46.1,52.7,45.1,18.8,25.7,0.73,9.6,6.8
Ons Jabeur,43,5.8,3.1,55.3,66.5,46.0,53.0,41.4,25.6,34.0,0.75,13.7,7.0
Caroline Garcia,42,6.6,4.3,59.6,66.8,45.0,53.9,38.9,21.7,24.2,0.9,11.8,5.1
Clara Tauson,41,7.4,4.6,59.8,68.7,44.6,57.7,42.0,25.2,26.0,0.97,11.7,7.2
Liudmila Samsonova,41,6.6,5.8,55.8,70.9,48.0,62.4,41.2,24.1,30.2,0.8,13.9,4.8
Elise Mertens,41,4.6,6.7,60.6,66.4,42.5,54.5,42.0,18.7,26.1,0.72,7.8,7.2
Veronika Kudermetova,40,6.6,3.3,58.7,64.9,48.1,54.5,41.7,24.0,30.8,0.78,11.1,7.6
Marie Bouzkova,39,2.0,3.7,67.4,59.6,45.4,52.3,39.8,17.0,23.6,0.72,9.6,5.9
Camila Giorgi,38,4.3,9.6,55.7,66.4,46.7,56.1,42.3,23.4,34.1,0.69,10.9,9.0
Anett Kontaveit,38,4.1,4.0,62.7,65.8,48.9,59.0,43.1,23.4,28.1,0.83,11.3,8.7
Anna Kalinskaya,37,2.5,4.3,67.8,61.7,47.5,61.1,42.5,20.1,24.4,0.82,10.2,7.9
Anastasia Pavlyuchenkova,36,3.7,7.0,59.9,61.5,42.0,50.5,39.9,19.6,25.8,0.76,10.6,6.6
Sloane Stephens,36,2.0,2.7,70.4,60.5,46.5,52.9,42.7,16.2,26.5,0.61,8.7,5.8
Martina Hingis,36,2.1,3.2,67.0,60.1,44.3,54.2,48.1,19.3,20.5,0.94,9.0,8.7
Sorana Cirstea,35,4.4,2.9,61.1,63.2,45.9,56.1,42.6,19.9,23.4,0.85,9.2,7.5
Lindsay Davenport,34,5.7,4.8,61.8,65.5,44.5,57.9,44.1,25.3,30.4,0.83,10.9,9.3
Carla Suarez Navarro,34,1.3,2.5,66.5,59.1,44.8,49.2,40.5,17.4,28.8,0.6,10.8,5.4
Sara Sorribes Tormo,34,0.7,4.4,71.5,54.7,40.1,48.2,48.0,13.6,21.1,0.65,8.0,5.1
Anastasia Potapova,33,3.2,6.4,58.6,64.3,41.3,53.9,42.1,19.4,29.0,0.67,9.7,7.2
Alize Cornet,32,1.6,7.4,62.3,61.3,40.9,52.7,44.5,17.2,26.0,0.66,9.0,6.8
Dayana Yastremska,32,4.4,7.8,57.4,63.9,45.6,49.8,42.1,24.8,35.5,0.7,12.2,9.4
Martina Navratilova,32,3.0,3.1,65.6,64.7,44.7,58.2,41.9,30.3,24.0,1.26,15.8,11.9
Monica Seles,31,3.2,3.7,65.7,64.3,47.8,56.0,45.1,24.8,26.5,0.94,11.2,10.8
Svetlana Kuznetsova,31,4.0,4.4,64.1,61.2,42.6,53.0,43.9,29.4,37.1,0.79,16.2,8.9
Yulia Putintseva,30,1.3,3.8,67.8,58.5,44.7,54.6,40.4,15.0,24.5,0.61,7.1,6.7
Katerina Siniakova,30,1.9,6.3,63.6,59.7,43.8,49.0,41.9,19.6,32.2,0.61,8.8,9.1
Suzan Lamens,30,3.5,7.1,62.3,67.3,45.0,53.1,45.8,19.3,30.3,0.64,11.9,4.5
Emma Navarro,30,2.2,3.4,65.8,61.1,44.6,46.2,43.2,14.2,20.8,0.68,7.6,5.1
Olga Danilovic,29,3.5,4.5,63.8,61.3,45.0,55.8,40.7,20.6,27.1,0.76,12.1,5.6
Sara Errani,28,0.1,4.2,76.6,51.2,34.7,45.8,44.7,12.4,19.8,0.63,7.5,4.8
Barbora Krejcikova,28,6.5,5.8,62.7,68.9,44.8,58.0,40.7,22.0,30.1,0.73,12.0,5.1
Dominika Cibulkova,28,0.9,5.7,63.4,58.6,42.4,53.7,41.5,16.2,27.0,0.6,9.8,5.5
Lucie Safarova,27,7.0,4.4,61.7,68.3,50.3,61.4,40.3,26.7,27.6,0.97,13.4,6.5
Jelena Jankovic,27,3.0,5.3,61.8,56.0,40.3,48.6,41.1,18.3,26.8,0.68,6.9,8.6
Diana Shnaider,27,2.9,4.1,64.2,63.8,45.4,53.0,41.6,19.4,27.3,0.71,11.5,5.2
Alison Riske Amritraj,27,1.8,4.8,67.5,60.0,43.4,51.3,41.2,15.0,27.1,0.55,7.3,6.2
Aliaksandra Sasnovich,27,3.4,6.4,63.6,59.7,39.8,47.2,42.0,21.0,31.7,0.66,9.6,8.9
Jil Teichmann,26,2.4,4.0,61.7,61.0,45.2,53.4,43.1,21.7,36.5,0.59,13.9,5.8
Samantha Stosur,26,5.8,5.0,61.7,65.5,39.5,53.5,39.0,22.2,29.4,0.75,13.1,3.7
Petra Martic,25,5.2,4.5,60.6,65.3,47.4,54.0,40.5,21.4,28.9,0.74,11.4,5.9
Arantxa Sanchez Vicario,25,1.5,2.2,69.9,53.2,43.2,46.8,39.9,15.3,29.2,0.52,7.2,7.0
Chris Evert,24,0.2,3.2,74.2,60.5,50.0,59.7,45.1,19.9,23.8,0.84,10.4,9.2
Victoria Mboko,24,5.9,8.6,64.9,67.4,40.1,53.0,43.8,20.1,28.8,0.7,9.7,5.8
Amelie Mauresmo,24,4.6,5.1,60.3,64.9,44.6,51.3,41.3,23.4,29.2,0.8,11.7,7.2
Su Wei Hsieh,24,1.1,4.3,63.9,62.0,43.3,57.3,42.1,22.2,28.6,0.77,13.1,8.2
Ashlyn Krueger,23,6.1,6.4,66.7,64.6,44.4,52.7,41.9,22.3,29.6,0.75,8.8,8.7
Laura Siegemund,23,1.0,5.9,70.4,57.6,41.2,54.8,41.8,21.9,33.2,0.66,12.7,8.0
Linda Fruhvirtova,23,3.5,6.9,61.9,65.8,40.4,48.0,42.4,16.6,22.1,0.75,8.6,5.3
Julia Goerges,23,6.7,3.6,57.9,68.8,53.0,62.1,42.6,31.4,32.4,0.97,17.4,8.2
Alycia Parks,22,8.7,10.9,57.2,65.2,38.3,52.9,40.6,24.4,35.5,0.69,11.1,5.9
Sabine Lisicki,22,9.0,7.4,58.8,67.2,44.3,52.3,42.8,30.2,34.5,0.88,14.5,7.3
Ajla Tomljanovic,21,3.0,5.7,59.8,60.7,44.0,50.0,39.3,15.4,24.0,0.64,6.3,6.1
Katie Boulter,21,5.1,7.2,59.0,66.4,42.1,46.3,41.4,22.0,26.0,0.84,13.0,5.7
Magdalena Frech,21,3.1,2.7,63.8,61.4,48.1,49.7,41.5,17.2,22.7,0.76,7.8,7.1
Mary Pierce,21,2.8,2.9,69.8,60.6,49.4,53.0,44.2,24.3,25.1,0.97,11.1,10.8
Katie Volynets,20,1.8,1.9,77.8,59.0,44.6,55.2,44.0,16.2,25.2,0.64,8.2,6.4
Alexandra Eala,20,1.2,4.6,65.2,58.2,49.3,47.1,45.7,15.8,18.7,0.84,8.6,6.4
Kristina Mladenovic,19,4.6,7.0,57.6,65.6,39.1,53.7,42.1,24.2,29.6,0.82,13.1,7.3
Camila Osorio,19,1.5,7.0,63.6,60.2,43.3,56.6,46.2,17.8,26.4,0.67,8.8,7.2
Anhelina Kalinina,19,2.9,4.8,63.7,58.9,42.4,49.2,43.5,20.3,29.6,0.69,9.2,8.4
Xin Yu Wang,19,3.8,4.1,58.6,63.7,46.7,59.5,39.6,22.6,28.0,0.81,12.8,6.6
Johanna Konta,19,5.7,2.7,66.1,69.9,48.8,67.6,41.8,29.2,29.4,0.99,14.5,8.7
Andrea Petkovic,19,3.2,4.8,66.7,60.6,43.8,45.4,42.8,18.2,28.1,0.65,10.7,5.1
Anna Blinkova,19,2.1,5.4,61.5,60.8,42.7,53.8,41.6,16.3,19.9,0.82,8.1,6.8
Shuai Zhang,19,1.7,4.9,65.0,58.7,41.3,47.8,40.1,17.7,25.2,0.7,9.5,6.9
Elina Avanesyan,18,1.1,3.3,69.3,56.2,41.3,48.5,42.4,16.4,29.0,0.57,8.8,6.8
Kaja Juvan,18,3.0,2.6,59.9,64.5,47.6,55.2,40.4,20.6,31.8,0.65,13.1,5.0
Jennifer Brady,18,6.7,4.3,52.6,70.7,49.4,62.5,40.5,21.3,26.1,0.81,10.6,5.2
Maya Joint,18,1.6,4.2,65.2,57.7,46.2,45.5,42.1,14.9,27.7,0.54,8.9,4.6
Arianne Hartono,18,2.5,6.7,60.3,57.9,44.4,51.7,42.6,20.4,36.9,0.55,12.9,5.6
Anna Bondar,18,5.8,3.1,57.1,68.2,46.7,58.1,41.0,17.6,23.2,0.76,9.6,4.0
Shelby Rogers,18,4.4,3.3,62.3,66.7,49.3,59.8,40.1,20.1,26.1,0.77,11.2,5.3
Jaqueline Cristian,18,3.8,4.2,60.6,61.0,44.9,53.5,38.9,17.5,29.9,0.59,9.0,5.2
Eva Lys,18,0.7,6.2,65.1,54.7,43.5,47.6,43.1,16.4,27.3,0.6,9.4,6.3
Viktorija Golubic,18,0.7,3.9,67.4,58.4,46.2,56.7,42.0,15.7,25.8,0.61,8.2,7.0
Olivia Gadecki,17,3.4,6.9,62.0,62.9,39.4,52.0,38.5,14.9,21.8,0.68,8.1,4.5
Rebecca Marino,17,10.8,3.2,58.0,71.5,46.9,57.1,41.8,23.4,31.7,0.74,11.4,4.1
Polona Hercog,17,2.9,4.9,56.2,63.4,47.3,50.0,44.4,23.4,40.2,0.58,15.5,4.9
Lesia Tsurenko,17,1.2,5.2,68.6,55.0,41.6,45.0,45.3,15.0,29.1,0.52,8.0,6.0
Tatjana Maria,17,5.9,3.5,57.1,71.3,42.8,52.2,43.4,19.3,19.4,0.99,10.1,4.1
Beatriz Haddad Maia,17,2.4,4.6,67.7,59.1,43.9,56.7,40.8,18.8,32.2,0.58,12.0,4.6
Lauren Davis,16,1.1,5.1,60.8,57.1,37.4,53.0,39.7,13.4,28.0,0.48,5.4,6.8
Talia Gibson,16,6.6,4.7,61.4,69.9,48.9,61.0,39.8,29.2,26.4,1.1,12.8,10.6
Daniela Hantuchova,16,3.7,5.4,60.2,64.7,42.5,52.2,42.3,22.5,25.7,0.88,11.4,8.3
Simona Halep,15,2.4,5.1,66.5,61.3,43.7,53.3,46.0,21.1,30.5,0.69,10.9,7.9
Varvara Gracheva,15,1.9,4.5,61.1,55.8,42.9,48.6,43.8,17.3,29.2,0.59,9.8,6.0
Peyton Stearns,15,1.9,3.7,65.8,57.4,48.5,46.8,43.8,22.3,30.1,0.74,15.8,4.9
Dinara Safina,15,2.8,9.4,63.5,63.1,38.8,55.8,42.9,20.3,35.9,0.57,10.1,7.5
Taylor Townsend,15,5.7,3.4,66.8,64.1,46.4,59.5,41.1,28.4,32.8,0.87,14.7,8.3
Solana Sierra,15,3.1,6.7,60.5,60.5,42.1,51.7,41.3,15.9,23.5,0.68,8.0,6.0
Anastasija Sevastova,15,3.0,3.5,62.1,60.8,44.9,55.6,41.0,19.7,30.6,0.64,9.8,7.3
Tamara Zidansek,15,0.8,3.4,68.4,60.5,46.4,53.3,44.3,23.5,36.7,0.64,17.0,5.7
Anastasia Myskina,14,2.1,4.1,57.6,57.6,44.4,43.2,41.6,15.9,29.9,0.53,7.9,6.2
Kate Makarova,14,3.8,2.9,67.1,60.0,43.9,62.7,39.7,19.9,28.8,0.69,7.9,8.4
Flavia Pennetta,14,4.5,3.6,56.1,64.1,44.8,55.7,44.1,24.9,29.4,0.85,11.2,9.9
Barbora Strycova,14,3.0,4.9,59.9,62.3,45.5,54.7,42.3,15.9,25.3,0.63,8.4,4.4
Timea Bacsinszky,14,2.0,3.7,66.0,59.2,50.5,49.5,44.4,16.4,25.1,0.65,5.9,8.9
Monica Niculescu,14,1.0,1.9,72.4,55.8,42.1,51.8,43.9,16.6,20.4,0.82,7.5,8.1
Mayar Sherif,14,2.4,2.1,72.2,58.8,43.4,54.4,38.6,18.3,26.1,0.7,11.6,4.9
Coco Vandeweghe,14,9.6,5.4,53.4,73.3,53.6,54.3,37.6,26.6,31.3,0.85,12.9,5.3
Na Li,14,2.4,4.1,67.6,64.2,48.0,59.4,44.3,23.4,33.3,0.7,11.7,9.6
Linda Klimovicova,14,6.6,5.3,56.1,66.1,50.3,60.4,42.7,21.3,18.7,1.14,11.4,5.6
Daria Saville,14,2.0,5.9,67.1,59.4,42.4,50.4,43.0,20.5,30.1,0.68,14.1,4.8
Madison Brengle,14,0.7,4.7,67.5,58.2,39.1,51.1,44.1,11.5,23.5,0.49,4.5,6.2
Nuria Parrizas Diaz,13,0.8,3.0,71.9,55.1,47.1,50.8,46.3,22.7,39.2,0.58,14.9,7.1
Tereza Valentova,13,4.0,5.9,60.8,66.9,45.1,53.8,44.8,21.8,33.8,0.65,11.3,6.9
Bernarda Pera,13,2.7,6.2,64.0,62.3,47.5,65.7,37.1,19.8,35.5,0.56,11.9,5.1
Anna Karolina Schmiedlova,13,2.9,4.7,64.4,61.8,44.1,48.2,45.3,14.4,19.3,0.75,6.4,5.9
Kimberly Birrell,13,1.3,7.9,62.3,57.2,39.1,46.2,34.8,12.2,24.8,0.49,6.2,5.0
Diane Parry,13,3.4,3.5,62.4,64.6,48.5,58.3,38.9,22.5,27.2,0.83,15.2,4.0
Martina Trevisan,13,0.9,5.9,63.2,52.0,43.7,41.7,44.7,17.5,27.4,0.64,12.5,4.5
Gabriela Sabatini,13,1.9,3.5,67.5,62.4,44.6,51.1,47.2,19.6,22.6,0.87,10.5,7.8
Yafan Wang,13,2.4,5.0,60.1,60.1,42.2,54.3,39.0,16.9,26.5,0.64,11.2,3.8
Cristina Bucsa,13,1.4,4.3,65.9,58.5,50.2,50.5,42.3,19.0,26.7,0.71,10.0,8.1
Caroline Dolehide,13,3.5,4.5,72.7,66.4,42.1,57.7,43.8,16.7,23.8,0.7,10.6,2.8
Irina Camelia Begu,12,2.7,6.5,62.9,56.6,39.3,49.6,39.0,15.1,33.7,0.45,6.0,6.4
Jana Novotna,12,3.4,4.6,61.0,59.1,46.6,50.0,42.2,20.8,24.8,0.84,12.1,6.3
Francesca Schiavone,12,2.6,4.9,58.1,63.5,45.6,57.0,40.9,23.5,28.2,0.83,12.2,8.2
Elena Gabriela Ruse,12,3.8,7.5,53.3,64.1,40.4,55.3,42.4,17.2,29.7,0.58,8.0,6.7
Lucia Bronzetti,12,3.2,4.1,60.5,62.5,42.4,54.0,38.0,12.9,21.9,0.59,7.8,2.2
Lin Zhu,12,2.4,2.8,64.7,58.3,38.9,54.2,38.8,16.1,28.8,0.56,7.9,6.1
Qiang Wang,12,2.7,3.0,63.0,55.8,41.2,42.3,40.5,16.0,30.6,0.52,9.3,4.6
Vera Zvonareva,12,2.8,4.6,64.1,63.2,45.5,53.1,42.3,17.7,24.8,0.71,8.7,6.2
Xiyu Wang,12,3.1,4.4,65.8,64.1,48.3,52.3,43.8,22.4,32.2,0.7,12.2,7.3
Rebecca Peterson,11,2.4,5.2,65.7,58.8,42.9,48.5,39.7,16.1,31.7,0.51,10.8,3.5
Victoria Jimenez Kasintseva,11,3.0,5.6,63.6,56.3,44.1,52.2,45.5,19.2,37.5,0.51,10.5,6.4
Harriet Dart,11,1.8,5.8,54.8,59.4,40.5,47.4,43.2,17.2,24.1,0.71,10.3,5.5
Heather Watson,11,5.3,4.5,58.3,69.9,50.3,56.1,42.0,20.9,28.2,0.74,10.0,6.2
Jule Niemeier,11,3.8,8.0,56.6,62.7,38.4,45.1,40.6,17.4,34.8,0.5,10.5,3.9
Lesley Pattinama Kerkhove,11,1.5,6.6,64.8,63.4,39.0,51.5,40.5,17.4,32.9,0.53,11.1,4.6
Nadia Podoroska,11,2.2,3.5,67.1,57.5,42.6,48.9,38.4,14.8,28.7,0.52,10.2,3.1
Kirsten Flipkens,10,3.2,2.5,64.5,60.5,43.1,58.7,42.5,23.2,25.1,0.92,15.9,4.3
Ana Bogdan,10,2.5,2.7,61.7,60.0,47.1,57.3,42.9,17.8,27.5,0.65,7.6,8.3
Yue Yuan,10,3.0,1.3,62.1,60.4,39.6,60.5,38.4,17.5,28.0,0.62,10.3,4.2
Rebecca Sramkova,10,4.2,3.2,59.1,62.6,51.2,59.2,43.0,23.8,29.3,0.81,13.1,7.2
Anna Lena Friedsam,10,3.7,3.3,68.0,61.2,44.2,57.1,42.4,20.4,28.0,0.73,9.6,7.4
Monica Puig,10,3.4,5.4,62.0,58.2,42.4,51.2,36.3,15.1,25.4,0.59,7.2,5.0
Mccartney Kessler,10,2.7,4.6,63.5,61.6,39.3,35.4,40.1,13.4,23.5,0.57,6.7,5.1
Nadia Petrova,10,6.9,4.7,61.7,64.0,43.4,52.3,40.5,23.6,35.5,0.66,10.4,7.7
Nao Hibino,10,1.8,5.3,63.4,59.3,43.1,57.1,41.1,14.8,30.3,0.49,8.5,4.8
Lulu Sun,10,7.1,3.7,57.7,71.5,49.5,47.9,39.2,23.3,23.3,1.0,13.2,5.0
Jennifer Capriati,10,2.9,5.5,65.1,60.5,43.0,53.6,44.1,19.1,35.5,0.54,9.2,7.5
Kaia Kanepi,10,6.4,4.7,57.9,68.0,44.6,55.0,39.2,24.1,36.1,0.67,12.0,6.1
Alison Van Uytvanck,10,4.6,3.2,61.4,66.1,44.8,60.7,37.2,19.4,26.2,0.74,10.1,5.3
Elisabetta Cocciaretto,10,2.3,3.5,65.7,59.8,51.4,48.8,43.0,17.7,30.5,0.58,11.0,5.0
Kateryna Baindl,10,1.4,3.8,71.2,55.5,39.0,51.0,40.7,13.7,25.9,0.53,5.3,7.3
Misaki Doi,9,1.7,4.0,60.7,56.5,46.3,54.5,43.4,20.1,36.0,0.56,14.0,4.7
Oceane Dodin,9,5.2,10.3,55.7,63.4,40.9,50.7,40.7,17.6,23.7,0.74,6.9,6.8
Mona Barthel,9,3.7,6.3,59.6,61.7,45.7,56.2,41.5,20.1,22.3,0.9,8.1,9.1
Conchita Martinez,9,1.2,2.6,69.3,54.5,50.0,55.6,41.1,20.9,27.3,0.76,13.8,6.2
Clara Burel,9,3.5,7.1,56.2,57.3,45.7,49.4,47.8,24.1,33.9,0.71,13.3,7.9
Caty Mcnally,9,2.6,7.0,63.1,58.3,39.5,59.0,38.5,17.8,31.1,0.57,10.8,4.6
Danka Kovinic,9,5.5,6.4,52.3,59.0,38.9,45.3,34.9,14.8,29.2,0.51,7.0,4.1
Robin Montgomery,9,6.2,6.9,61.5,68.0,42.0,56.7,41.7,17.3,27.7,0.63,8.2,4.0
Ana Konjuh,9,4.7,6.6,61.0,64.8,43.0,52.5,40.9,28.7,41.2,0.7,13.3,11.0
Viktoria Hruncakova,9,6.7,5.8,59.4,66.6,45.3,55.3,43.9,27.7,34.9,0.79,14.4,7.8
Jelena Dokic,9,2.2,9.0,60.5,62.9,39.9,49.4,40.5,17.8,30.1,0.59,8.7,7.7
Fiona Ferro,9,1.6,3.0,59.6,52.9,50.0,46.6,41.1,18.0,33.3,0.54,11.3,5.4
Janice Tjen,9,4.4,4.0,60.0,65.6,48.5,52.0,43.7,13.1,17.8,0.74,10.0,0.7
Brenda Fruhvirtova,9,1.8,4.5,69.7,58.9,46.1,49.3,42.7,13.8,23.6,0.58,5.4,7.1
Tereza Martincova,9,1.6,3.5,70.1,57.6,39.6,47.0,38.7,10.8,24.3,0.44,6.8,2.4
Saisai Zheng,9,2.3,4.5,63.3,62.2,47.1,54.3,41.8,15.9,28.9,0.55,8.2,6.1
Roberta Vinci,9,4.3,2.3,57.7,63.8,48.0,60.5,45.0,25.4,23.6,1.08,15.1,6.6
Johanna Larsson,8,2.4,4.5,63.5,53.0,42.7,49.3,35.5,9.5,24.1,0.39,5.2,2.9
Marion Bartoli,8,1.3,8.4,63.2,55.4,42.8,51.4,37.6,13.2,23.6,0.56,6.4,5.9
Magdalena Rybarikova,8,5.7,3.6,59.1,57.0,34.9,46.3,39.4,14.9,23.4,0.64,7.5,3.0
Sara Bejlek,8,0.5,8.4,61.1,55.0,32.2,40.0,40.8,12.0,22.8,0.53,7.1,4.5
Jessica Bouzas Maneiro,8,2.0,8.0,56.9,56.5,43.5,48.4,36.8,14.2,26.6,0.54,8.0,5.0
Eva Vedder,8,4.2,3.8,57.2,58.3,50.9,65.4,36.2,15.5,21.5,0.72,9.2,3.4
Christina Mchale,8,2.0,5.9,65.7,58.6,44.0,48.6,39.5,15.5,31.8,0.49,9.2,4.8
Elena Vesnina,8,3.0,6.0,63.5,55.7,36.7,44.0,41.3,19.9,26.0,0.76,8.2,9.5
Louisa Chirico,8,3.1,6.1,56.4,65.0,48.0,61.0,45.7,16.0,26.8,0.6,7.5,6.0
Tiantsoa Sarah Rakotomanga Rajaonah,8,2.2,3.2,64.5,60.9,50.0,50.0,49.0,19.5,23.8,0.82,11.8,6.2
Tsvetana Pironkova,8,3.5,3.5,59.3,64.7,35.2,42.3,43.5,21.8,28.9,0.75,9.4,9.8
Moyuka Uchijima,8,2.6,5.2,56.6,63.1,43.8,49.3,43.9,23.5,28.0,0.84,14.1,7.1
Zarina Diyas,8,1.1,4.5,68.7,56.9,39.7,54.0,43.2,12.0,20.8,0.58,6.2,5.1
Nicole Gibbs,8,2.7,6.1,58.3,59.1,39.2,56.8,37.0,12.9,31.6,0.41,7.4,3.5
Shuai Peng,7,3.4,3.7,63.0,60.4,41.3,48.4,37.6,23.3,26.9,0.87,8.0,11.1
Carina Witthoeft,7,4.1,7.3,66.1,58.0,45.9,54.5,41.8,14.3,23.7,0.6,7.3,3.4
Mihaela Buzarnescu,7,0.8,6.2,62.2,59.6,40.8,50.7,37.5,17.1,31.3,0.55,8.1,8.4
Harmony Tan,7,1.6,4.5,56.7,60.5,38.7,58.4,43.2,18.1,28.7,0.63,8.6,8.4
Helena Sukova,7,4.4,7.7,52.1,64.9,43.9,59.7,37.3,31.1,26.0,1.2,15.6,12.0
Alina Korneeva,7,2.6,5.0,61.3,61.6,47.1,61.2,49.5,28.4,37.0,0.77,15.0,10.9
Patricia Maria Tig,7,2.3,6.2,63.0,63.5,45.3,63.6,43.2,19.6,24.3,0.81,10.4,7.1
Noma Noha Akugue,7,5.8,6.7,54.7,68.4,46.5,61.2,43.7,19.4,29.0,0.67,11.1,4.6
Julia Grabher,7,2.4,7.1,62.3,65.2,45.6,56.9,38.8,21.1,29.9,0.71,15.7,3.4
Irina Bara,7,0.2,7.3,67.8,49.2,43.7,38.4,48.1,12.0,29.4,0.41,6.9,5.0
Viktoriya Tomova,7,1.3,4.9,65.8,52.0,42.4,46.6,37.2,11.1,20.6,0.54,5.0,5.3
Hailey Baptiste,7,5.6,6.7,53.5,69.6,45.5,52.3,33.3,19.6,28.4,0.69,11.6,3.9
Aleksandra Krunic,6,1.9,3.2,60.7,52.8,52.7,50.0,33.7,12.8,23.0,0.56,8.7,2.7
Greet Minnen,6,2.7,3.2,64.3,61.6,45.6,54.2,41.1,17.5,24.8,0.7,12.2,3.0
Hana Mandlikova,6,4.8,5.5,56.6,61.7,44.4,52.6,37.3,25.3,26.0,0.97,12.8,9.2
Emerson Jones,6,1.8,4.8,60.2,63.8,41.5,50.0,40.2,18.7,25.3,0.74,10.5,6.7
Storm Hunter,6,2.0,5.9,61.9,63.3,46.8,48.9,42.9,25.8,32.8,0.79,16.0,8.0
Anouk Koevermans,6,4.5,5.9,63.8,62.7,44.2,56.2,44.2,20.0,37.0,0.54,12.0,4.3
Kamilla Rakhimova,6,2.8,4.8,60.0,63.2,45.4,54.5,44.5,20.3,31.3,0.65,10.8,6.8
Kayla Day,6,5.2,3.2,60.8,64.9,44.9,38.1,41.6,17.8,24.2,0.74,9.0,5.2
Klara Koukalova,6,1.9,4.1,65.0,50.8,37.0,45.9,45.3,15.3,29.3,0.52,8.5,5.5
Kurumi Nara,6,0.5,3.7,72.5,53.3,40.8,44.9,42.2,14.2,27.5,0.52,6.3,7.5
Margarita Gasparyan,6,5.3,5.0,64.2,65.1,40.0,45.2,43.9,23.0,23.3,0.99,11.3,6.0
Astra Sharma,6,5.6,5.8,60.7,66.4,48.7,65.6,47.8,22.2,32.8,0.68,13.0,3.8
Bibiane Schoofs,6,1.3,7.7,66.2,53.0,37.8,53.2,40.4,13.7,35.5,0.38,10.0,2.8
Polina Kudermetova,6,4.1,8.9,56.5,64.6,46.0,52.4,37.9,15.5,24.3,0.64,7.5,5.5
Renata Zarazua,6,1.6,3.2,69.6,56.4,52.1,42.9,37.9,10.3,21.8,0.47,3.7,5.8
Erika Andreeva,5,1.6,3.6,57.5,56.8,47.6,46.9,39.6,20.6,33.0,0.62,11.4,7.2
Jarmila Gajdosova,5,6.3,5.4,61.8,62.8,39.8,50.0,39.4,28.6,31.2,0.92,13.6,8.6
Elsa Jacquemot,5,4.4,7.4,60.2,65.4,40.7,65.2,42.7,23.2,30.8,0.75,12.2,6.6
Yanina Wickmayer,5,1.9,4.9,62.7,61.2,42.9,50.0,44.3,20.2,22.2,0.91,12.8,6.4
Alina Charaeva,5,3.1,6.3,65.9,54.2,37.9,47.5,41.5,12.4,18.4,0.67,6.6,4.2
Ysaline Bonaventure,5,2.2,9.4,56.7,62.1,38.2,54.9,34.1,13.0,29.8,0.44,8.4,2.8
Vitalia Diatchenko,5,3.0,8.3,61.3,59.5,35.0,58.7,44.9,17.8,26.8,0.66,8.2,7.4
Claire Liu,5,5.2,5.4,67.9,60.4,39.0,54.2,43.1,25.0,34.8,0.72,12.0,8.0
Maria Kirilenko,5,1.2,3.3,63.4,56.2,40.5,49.0,38.2,12.6,22.8,0.55,6.4,5.4
Dalma Galfi,5,4.7,2.8,67.7,59.8,47.5,47.7,41.4,25.6,36.8,0.7,13.8,7.6
Maryna Zanevska,5,2.9,9.6,60.1,66.5,29.9,47.6,41.0,15.6,31.8,0.49,10.6,3.0
Katherine Sebov,5,0.4,4.6,70.9,51.9,31.6,42.9,26.9,4.8,19.0,0.25,2.4,2.2
Darja Vidmanova,5,6.7,1.0,74.1,65.5,41.6,48.0,48.3,16.2,8.4,1.93,7.2,5.0
Katie Swan,5,9.9,4.8,64.7,71.0,43.8,38.1,46.2,18.4,22.4,0.82,8.2,3.8
Kateryna Bondarenko,5,1.6,6.3,63.5,57.1,33.6,42.0,38.8,21.0,39.8,0.53,7.6,11.6
Panna Udvardy,5,4.3,7.0,58.7,63.2,37.5,38.9,36.3,19.6,30.8,0.64,9.6,7.2
Richel Hogenkamp,5,0.7,3.5,59.3,59.2,45.1,49.0,43.0,17.8,34.0,0.52,10.2,7.0
Priscilla Hon,5,5.9,5.7,57.4,61.7,38.8,43.8,40.3,24.0,33.6,0.71,12.4,7.0
Pauline Parmentier,5,3.6,4.5,60.5,65.8,42.6,53.1,35.5,13.4,23.8,0.56,9.8,1.2
Sonay Kartal,5,1.9,1.6,71.5,62.7,51.6,54.8,37.6,19.4,30.8,0.63,13.8,4.0
Antonia Ruzic,5,1.1,3.3,66.3,54.6,51.6,63.2,44.1,22.0,30.2,0.73,11.4,9.2
Varvara Lepchenko,5,4.2,6.4,61.3,54.1,38.8,51.7,39.1,17.6,36.0,0.49,9.0,5.2
Zeynep Sonmez,5,0.3,6.0,54.3,54.2,43.8,42.9,41.4,11.8,34.0,0.35,6.8,4.8
Zina Garrison,5,0.9,4.9,65.4,50.7,40.8,40.4,42.4,23.6,22.8,1.04,13.8,9.2
