date,tour,tournament,winner,loser,sets_w,sets_l,games_w,games_l,tiebreaks,odds_w,odds_l
2026-07-07,ATP,Wimbledon,Djokovic N.,Auger Aliassime F.,3,2,29,28,3,1.6,2.34
2026-07-07,ATP,Braunschweig challenger,Petkovic M.,Skatov T.,2,0,13,8,0,2.61,1.45
2026-07-07,ATP,Iasi challenger,Pavlovic L.,Silva F.,2,1,14,13,0,1.6,2.22
2026-07-07,ATP,Bogotá 5 challenger,Mena F.,Ayeni A.,2,1,16,14,0,1.52,2.41
2026-07-07,ATP,Trieste challenger,Bondioli F.,Schwaerzler J.,2,1,16,14,0,2.39,1.53
2026-07-07,ATP,Liege challenger,Onclin G.,Campana Lee G.,2,1,16,10,0,1.22,3.98
2026-07-07,ATP,Nottingham 3 challenger,Gill F.,Jansen W.,2,1,18,15,1,1.24,3.81
2026-07-07,ATP,Futures 2026,Colby R.,Shimizu Y.,2,0,12,6,0,4.34,1.18
2026-07-07,ATP,UTR Pro Tennis Series 3,Kumar S.,Skrobarcek L.,2,1,14,11,0,3.43,1.26
2026-07-07,ATP,UTR Pro Tennis Series 5,Gavrea M.,Gil F.,2,1,14,13,0,1.5,2.3
2026-07-07,ATP,UTR Pro Tennis Series 9,Wakamatsu T.,Truong T.,2,1,15,12,0,1.36,2.88
2026-07-07,ATP,Futures 2026,Blando M.,Sato C.,2,0,12,1,0,,
2026-07-07,ATP,Newport challenger,Kozlov S.,Johns G.,2,0,12,6,0,1.42,2.74
2026-07-07,WTA,Wimbledon,Muchova K.,Osaka N.,2,0,13,10,1,2.19,1.68
2026-07-07,WTA,Bastad WTA,Lepchenko V.,Zaar L.,2,1,17,16,1,2.18,1.64
2026-07-07,WTA,Contrexeville WTA,Pigato L.,Fita Boluda A.,2,1,14,13,1,1.37,2.97
2026-07-07,WTA,Aschaffenburg ITF,Zidansek T.,Schunk N.,2,0,13,8,0,1.3,3.23
2026-07-07,WTA,Haag 2 ITF,Paquet C.,Mikulskyte J.,2,0,12,4,0,1.3,3.2
2026-07-07,WTA,Columbus ITF,Kaji H.,Johnson S.,2,0,13,6,1,1.99,1.73
2026-07-07,WTA,Corroios-Seixal ITF,Saigo R.,Tse E.,2,0,13,6,0,1.16,4.65
2026-07-07,WTA,Buzau ITF,Simionescu D.,Roura Llaverias R.,2,0,12,2,0,2.57,1.45
2026-07-07,WTA,Don Benito ITF,Bertacchi A.,Berecoechea N.,2,0,13,10,1,2.55,1.46
2026-07-07,WTA,Hillcrest 2 ITF,Youri E.,Khrebtova V.,2,1,16,8,0,1.71,2.02
2026-07-07,WTA,UTR Pro Tennis Series 5,Nova A.,Svatikova L.,2,0,13,8,0,3.97,1.19
2026-07-07,WTA,Astana 14 ITF,Jang G.,Kakenova A.,2,1,17,11,0,1.05,8.31
2026-07-07,WTA,Kursumlijska Banja 9 ITF,Vlajic T.,Lekomtseva U.,2,1,18,13,0,2.77,1.39
2026-07-07,WTA,Monastir 43 ITF,Komano M.,Maloney E.,2,1,15,7,0,6.89,1.08
2026-07-07,WTA,Rancho Santa Fe ITF,Nahum G.,Mansfield K.,2,1,16,7,0,2.05,1.69
2026-07-07,WTA,Rio Claro ITF,Mediorreal Arias V.,Ferreira Banietti M.,2,0,12,1,0,1.07,7.1
2026-07-07,WTA,UTR Pro Match Series,Rennard C.,Fuduric L.,2,0,12,0,0,1.51,2.31
2026-07-07,WTA,Aschaffenburg ITF,Trevisan M.,Pohle V.,2,0,12,2,0,1.15,4.61
2026-07-07,WTA,Astana 14 ITF,Kenzhibayeva S.,Senties X.,2,0,12,2,0,1.14,5.5
2026-07-07,WTA,Columbus ITF,Gowda T.,Evans T.,2,0,10,5,0,4.53,1.16
2026-07-07,WTA,Don Benito ITF,Harvey A.,Martinez Jimenez S.,2,1,17,15,1,,
2026-07-07,WTA,Luan 2 ITF,Oh J.,Cai J.,1,0,4,0,0,1.17,4.4
2026-07-07,WTA,Monastir 43 ITF,Proietti V.,Maeland C.,2,0,13,10,1,1.48,2.5
2026-07-07,WTA,Rancho Santa Fe ITF,Quadre B.,Ziouti S.,2,0,12,1,0,1.1,5.88
2026-07-07,WTA,Rio Claro ITF,Oliveira M.,Arce Gonzalez M.,2,0,12,3,0,1.14,5.13
2026-07-08,ATP,Wimbledon,Zverev A.,Fritz T.,3,0,18,10,0,2.02,1.78
2026-07-08,ATP,Newport challenger,Blanch D.,Cassone M.,2,1,13,13,0,1.6,2.24
2026-07-08,ATP,Braunschweig challenger,Choinski J.,Rehberg M.,2,1,15,15,0,1.57,2.28
2026-07-08,ATP,Iasi challenger,Piros Z.,Dzumhur D.,2,1,16,13,0,1.64,2.2
2026-07-08,ATP,Bogotá 5 challenger,Andrade Da Silva L.,Meligeni Rodrigues Alv,2,1,17,16,1,2.57,1.47
2026-07-08,ATP,Trieste challenger,Brancaccio R.,Pellegrino A.,2,1,15,13,0,3.23,1.29
2026-07-08,ATP,Liege challenger,Damas M.,Bailly G.,2,1,15,13,0,2.18,1.63
2026-07-08,ATP,Nottingham 3 challenger,Gray A.,Brady P.,2,0,12,2,0,1.35,3.01
2026-07-08,ATP,Futures 2026,Thurgur C.,Peck J.,2,1,15,11,0,4.13,1.2
2026-07-08,ATP,UTR Pro Tennis Series 3,Avram G.,Battle L.,2,0,12,4,0,1.36,2.75
2026-07-08,ATP,UTR Pro Tennis Series 5,Penman C.,Gil F.,2,0,12,3,0,1.6,2.08
2026-07-08,ATP,UTR Pro Tennis Series 9,Wakamatsu T.,Nguyen D.,2,0,12,5,0,1.68,1.99
2026-07-08,ATP,Davis Cup,Sydow P.,Bergen Y.,2,0,12,1,0,,
2026-07-08,ATP,Newport challenger,Milavsky D.,Vandecasteele Q.,2,1,13,12,0,1.89,1.82
2026-07-08,WTA,Wimbledon,Kostyuk M.,Paolini J.,2,0,12,5,0,1.37,3.11
2026-07-08,WTA,Newport Beach WTA,Sawangkaew M.,Dolehide C.,2,0,12,7,0,1.53,2.4
2026-07-08,WTA,Bastad WTA,Burillo Escorihuela I.,Uchijima M.,2,1,19,16,1,4.71,1.17
2026-07-08,WTA,Contrexeville WTA,Sherif M.,Hesse A.,2,0,13,8,0,1.08,7.26
2026-07-08,WTA,Aschaffenburg ITF,Niemeier J.,Mazzola A.,2,1,13,12,0,2.05,1.69
2026-07-08,WTA,Haag 2 ITF,Feistel G.,Bertea E.,2,0,12,5,0,1.58,2.24
2026-07-08,WTA,Columbus ITF,Lu J.,Ekstrand M.,2,0,12,6,0,1.75,1.98
2026-07-08,WTA,Corroios-Seixal ITF,Bandecchi S.,Okamura K.,2,0,12,4,0,1.39,2.81
2026-07-08,WTA,Buzau ITF,Kuhl C.,Sieg M.,2,0,12,4,0,3.43,1.27
2026-07-08,WTA,Don Benito ITF,Ryser V.,Tran D.,2,0,12,6,0,1.04,9.21
2026-07-08,WTA,Hillcrest 2 ITF,Pahwa S.,Schilz J.,2,0,12,7,0,1.59,2.21
2026-07-08,WTA,UTR Pro Tennis Series 5,Vozniak K.,Teodosescu A.,2,1,14,14,1,1.59,2.13
2026-07-08,WTA,Astana 14 ITF,Yodpetch K.,Kenzhibayeva S.,2,1,16,13,0,1.21,4.02
2026-07-08,WTA,Kursumlijska Banja 9 ITF,Stankovic A.,Djokic A.,2,0,12,1,0,1.01,16.1
2026-07-08,WTA,Luan 2 ITF,Malova A.,Liu X.,2,1,17,11,0,1.38,2.78
2026-07-08,WTA,Monastir 43 ITF,Shaw E.,Hurrion S.,2,0,12,3,0,1.09,6.42
2026-07-08,WTA,Rancho Santa Fe ITF,Kha N.,Morris A.,2,0,12,2,0,1.27,3.4
2026-07-08,WTA,Rio Claro ITF,Di Genova C.,Plaza Araujo L.,2,0,12,6,0,1.04,9.53
2026-07-08,WTA,UTR Pro Match Series,Chacon A.,Byers L.,2,0,12,5,0,1.69,1.95
2026-07-09,ATP,Newport challenger,Blanch D.,Johns G.,2,1,17,13,0,1.21,4.14
2026-07-09,ATP,Braunschweig challenger,Moeller M.,Vallejo A.,2,0,11,3,0,4.61,1.18
2026-07-09,ATP,Iasi challenger,Droguet T.,Pavlovic L.,2,0,13,9,1,1.28,3.4
2026-07-09,ATP,Bogotá 5 challenger,Casanova H.,Ambrogi L.,2,0,13,8,1,1.93,1.78
2026-07-09,ATP,Trieste challenger,Dellien H.,Guerrieri A.,2,0,12,3,0,1.65,2.15
2026-07-09,ATP,Liege challenger,Broska F.,Onclin G.,2,1,18,15,1,3.17,1.32
2026-07-09,ATP,Nottingham 3 challenger,Searle H.,Vales A.,2,0,12,5,0,1.09,6.74
2026-07-09,ATP,Futures 2026,Ardila L.,Gorzny S.,2,0,13,7,1,3.19,1.31
2026-07-09,ATP,UTR Pro Tennis Series 3,Sanders O.,Ndumbe E.,2,0,13,9,0,,
2026-07-09,ATP,UTR Pro Tennis Series 5,Sheyngezikht L.,Gil F.,2,0,12,7,0,,
2026-07-09,ATP,UTR Pro Tennis Series 9,Munim D.,Malmygin R.,2,0,12,3,0,1.21,3.55
2026-07-09,ATP,Davis Cup,Beckles D.,Bennaton G.,2,0,12,4,0,,
2026-07-09,WTA,Wimbledon,Noskova L.,Kostyuk M.,2,0,12,8,0,2.26,1.64
2026-07-09,WTA,Newport Beach WTA,Minnen G.,Vidmanova D.,2,1,17,13,1,1.9,1.83
2026-07-09,WTA,Bastad WTA,Putintseva Y.,Kraus S.,2,0,12,5,0,1.78,1.99
2026-07-09,WTA,Contrexeville WTA,Jeanjean L.,Jones F.,2,1,14,15,0,1.81,1.93
2026-07-09,WTA,Aschaffenburg ITF,Gorgodze E.,Steiner V.,2,0,12,3,0,1.46,2.54
2026-07-09,WTA,Haag 2 ITF,Feistel G.,Ebeling Koning L.,2,1,17,15,1,1.17,4.58
2026-07-09,WTA,Columbus ITF,Daavettila S.,Lu J.,2,0,13,7,0,2.77,1.4
2026-07-09,WTA,Corroios-Seixal ITF,Bandecchi S.,Buyukakcay C.,2,0,12,4,0,1.19,4.16
2026-07-09,WTA,Buzau ITF,Gandolfi F.,Kuhl C.,2,1,18,10,1,1.7,2.03
2026-07-09,WTA,Don Benito ITF,Pawlikowska Z.,Teixido Garcia M.,2,0,12,2,0,1.19,4.27
2026-07-09,WTA,Hillcrest 2 ITF,Kruger I.,Buchnik M.,2,0,12,4,0,1.12,5.36
2026-07-09,WTA,UTR Pro Tennis Series 5,Kliuch V.,Longueville R.,2,0,13,8,1,4.0,1.18
2026-07-09,WTA,Astana 14 ITF,Dyussebay I.,Matsuda R.,0,0,0,0,0,5.44,1.12
2026-07-09,WTA,Kursumlijska Banja 9 ITF,Pavlou D.,Diabate E.,2,0,13,8,0,1.23,3.9
2026-07-09,WTA,Luan 2 ITF,Yamazaki I.,Choi S.,2,1,13,10,0,1.38,2.78
2026-07-09,WTA,Monastir 43 ITF,Rojas S.,Kashyap T.,2,0,10,5,0,1.12,5.39
2026-07-09,WTA,Rancho Santa Fe ITF,Shcherbinina A.,Gjinaj V.,2,0,12,4,0,1.06,7.4
2026-07-09,WTA,Rio Claro ITF,Souza M.,Konishi Camargo Silva J.,2,0,13,8,0,1.36,2.85
2026-07-09,WTA,UTR Pro Match Series,Manning A.,Souhrada S.,2,0,12,3,0,1.5,2.25
2026-07-10,ATP,Wimbledon,Sinner J.,Djokovic N.,3,0,18,12,0,1.2,4.58
2026-07-10,ATP,Newport challenger,Fearnley J.,Blanch D.,2,0,12,6,0,1.49,2.48
2026-07-10,ATP,Braunschweig challenger,Gaston H.,Moeller M.,2,0,12,6,0,1.37,2.92
2026-07-10,ATP,Iasi challenger,Royer V.,Daniel T.,2,1,16,10,0,1.63,2.18
2026-07-10,ATP,Bogotá 5 challenger,Varillas J.,Pucinelli De Almeida M.,2,0,13,9,1,2.64,1.44
2026-07-10,ATP,Bundesliga - men,Wiedenmann L.,Baez S.,2,1,20,17,1,,
2026-07-10,ATP,Trieste challenger,Bernet H.,Bondioli F.,2,1,15,15,1,1.99,1.74
2026-07-10,ATP,Liege challenger,Broska F.,Balshaw F.,2,0,13,10,1,3.42,1.29
2026-07-10,ATP,Nottingham 3 challenger,Basing M.,Gill F.,2,1,15,15,1,2.22,1.61
2026-07-10,ATP,Futures 2026,Friend J.,Kirchheimer S.,2,1,16,16,1,1.15,4.64
2026-07-10,ATP,UTR Pro Tennis Series 3,Mazev M.,Sachdev R.,2,1,15,13,0,1.82,1.82
2026-07-10,ATP,UTR Pro Tennis Series 5,Mikovic M.,Loizas A.,2,0,13,9,0,2.5,1.42
2026-07-10,ATP,Davis Cup,Angus G.,Bergen Y.,2,0,12,2,0,,
2026-07-10,WTA,Newport Beach WTA,Minnen G.,Brengle M.,2,0,13,5,0,1.3,3.44
2026-07-10,WTA,Bastad WTA,Badosa P.,Putintseva Y.,2,0,12,3,0,1.59,2.3
2026-07-10,WTA,Contrexeville WTA,Jeanjean L.,Tubello A.,2,1,15,13,0,1.54,2.4
2026-07-10,WTA,Aschaffenburg ITF,Kostovic T.,Zidansek T.,2,0,12,3,0,1.7,2.04
2026-07-10,WTA,Haag 2 ITF,Kovackova A.,Steur J.,2,1,17,15,0,1.84,1.88
2026-07-10,WTA,Columbus ITF,Daavettila S.,Rapolu M.,2,1,15,14,1,4.03,1.21
2026-07-10,WTA,Corroios-Seixal ITF,Shi H.,Bandecchi S.,2,0,14,12,2,1.94,1.77
2026-07-10,WTA,Buzau ITF,Struplova J.,Gandolfi F.,2,0,12,6,0,1.22,3.84
2026-07-10,WTA,Don Benito ITF,Kubka M.,Bertacchi A.,2,0,13,6,0,1.08,6.94
2026-07-10,WTA,Hillcrest 2 ITF,Hossam Salah J.,Van Zyl J.,2,0,12,3,0,1.73,1.99
2026-07-10,WTA,UTR Pro Tennis Series 5,Nova A.,Soulie A.,2,1,17,10,0,1.43,2.48
2026-07-10,WTA,Astana 14 ITF,Sholokhova M.,Kroitor K.,2,0,12,1,0,1.99,1.74
2026-07-10,WTA,Kursumlijska Banja 9 ITF,Supova K.,Jialin T.,2,0,12,8,0,2.01,1.7
2026-07-10,WTA,Luan 2 ITF,Trynkina A.,Leong S.,2,1,15,12,0,1.15,4.67
2026-07-10,WTA,Monastir 43 ITF,Rojas S.,Bartel K.,2,0,12,6,0,1.6,2.18
2026-07-10,WTA,Rancho Santa Fe ITF,Chan J.,Fakih K.,2,1,17,14,0,2.16,1.63
2026-07-10,WTA,Rio Claro ITF,Fullana L.,Barrera Aguirre I.,2,1,16,11,0,1.08,6.94
2026-07-10,WTA,UTR Pro Match Series,Shue V.,Chacon A.,2,1,15,15,0,1.12,4.95
2026-07-11,ATP,Newport challenger,Fearnley J.,Galarneau A.,2,1,18,14,1,1.35,2.99
2026-07-11,ATP,Braunschweig challenger,Gaston H.,Diaz Acosta F.,2,1,19,18,1,2.6,1.46
2026-07-11,ATP,Iasi challenger,Droguet T.,Royer V.,2,0,12,7,0,1.62,2.19
2026-07-11,ATP,Bogotá 5 challenger,Mejia N.,Varillas J.,2,1,17,12,0,1.47,2.56
2026-07-11,ATP,Trieste challenger,Dellien H.,Bernet H.,2,1,17,16,1,1.35,3.0
2026-07-11,ATP,Liege challenger,Broska F.,Coppejans K.,2,0,12,5,0,3.13,1.34
2026-07-11,ATP,Nottingham 3 challenger,Searle H.,Basing M.,2,0,13,7,0,1.21,4.07
2026-07-11,ATP,Futures 2026,Miyoshi K.,Legout T.,2,0,13,10,1,2.17,1.61
2026-07-11,ATP,UTR Pro Tennis Series 3,Sachdev R.,Bharathy N.,2,1,15,10,0,1.83,1.81
2026-07-11,ATP,UTR Pro Tennis Series 5,Jansson O.,Penman C.,2,1,18,14,1,1.15,4.23
2026-07-11,ATP,Davis Cup,Beckles D.,Angus G.,2,0,12,5,0,,
2026-07-11,ATP,Gstaad,Sachko V.,Dhamne M.,2,0,12,5,0,1.41,2.79
2026-07-11,ATP,Umag,Prado Angelo J.,Majdandzic M.,2,0,12,7,0,1.15,5.13
2026-07-11,WTA,Wimbledon,Noskova L.,Muchova K.,2,1,17,12,0,2.27,1.65
2026-07-11,WTA,Newport Beach WTA,Volynets K.,Minnen G.,2,0,12,5,0,1.76,2.01
2026-07-11,WTA,Bastad WTA,Badosa P.,Waltert S.,2,0,14,10,0,1.36,3.06
2026-07-11,WTA,Contrexeville WTA,Sherif M.,Jeanjean L.,2,0,14,11,1,1.58,2.3
2026-07-11,WTA,Aschaffenburg ITF,Gorgodze E.,Kostovic T.,2,0,13,7,1,3.29,1.29
2026-07-11,WTA,Haag 2 ITF,Vedder E.,Kovackova A.,2,0,14,11,1,1.65,2.13
2026-07-11,WTA,Columbus ITF,Pareja J.,Marino R.,2,0,13,7,0,1.89,1.81
2026-07-11,WTA,Corroios-Seixal ITF,Gao X.,Shi H.,2,0,13,8,0,1.5,2.43
2026-07-11,WTA,Buzau ITF,Dencheva R.,Struplova J.,2,0,12,3,0,1.82,1.88
2026-07-11,WTA,Don Benito ITF,Hruncakova V.,Ercan M.,2,0,12,3,0,1.13,5.14
2026-07-11,WTA,Hillcrest 2 ITF,Hossam Salah J.,Cirotte A.,2,1,17,12,0,1.43,2.65
2026-07-11,WTA,UTR Pro Tennis Series 5,Horvit M.,Kliuch V.,2,0,13,8,0,1.28,3.18
2026-07-11,WTA,Astana 14 ITF,Sagandikova A.,Yodpetch K.,2,1,18,16,0,2.19,1.59
2026-07-11,WTA,Kursumlijska Banja 9 ITF,Tomase E.,Stankovic A.,2,0,12,6,0,2.33,1.54
2026-07-11,WTA,Luan 2 ITF,Trynkina A.,Kalyakina M.,2,1,15,9,0,1.44,2.57
2026-07-11,WTA,Monastir 43 ITF,Perapekhina Y.,Wiersholm K.,2,0,12,3,0,1.13,5.28
2026-07-11,WTA,Rancho Santa Fe ITF,Shcherbinina A.,Chan J.,2,1,16,15,0,1.18,4.43
2026-07-11,WTA,Rio Claro ITF,Souza M.,Fullana L.,2,0,12,7,0,3.59,1.25
2026-07-11,WTA,UTR Pro Match Series,Chacon A.,Manning A.,2,1,15,12,0,2.78,1.35
2026-07-11,WTA,Astana 7 ITF,Kharlanova D.,Shikhanova M.,2,1,17,15,1,,
2026-07-11,WTA,Athens WTA,Morvayova V.,Sziedat F.,2,0,12,3,0,1.23,3.96
2026-07-11,WTA,Luan 4 ITF,Wang S.,Li H.,0,0,0,0,0,,
2026-07-12,ATP,Wimbledon,Sinner J.,Zverev A.,3,1,25,20,2,1.21,4.59
2026-07-12,ATP,Newport challenger,Fearnley J.,Walton A.,2,1,18,17,1,1.85,1.88
2026-07-12,ATP,Braunschweig challenger,Choinski J.,Gaston H.,2,1,16,10,0,1.59,2.25
2026-07-12,ATP,Iasi challenger,Piros Z.,Droguet T.,2,0,13,7,1,2.19,1.63
2026-07-12,ATP,Bogotá 5 challenger,Mejia N.,Soto M.,2,0,13,6,0,1.38,2.86
2026-07-12,ATP,Bundesliga - men,Napolitano S.,Otte O.,2,1,16,16,1,,
2026-07-12,ATP,Trieste challenger,Dellien H.,Dodig M.,2,1,17,13,0,1.52,2.42
2026-07-12,ATP,Liege challenger,Broska F.,Giustino L.,2,1,18,12,1,1.99,1.75
2026-07-12,ATP,Nottingham 3 challenger,Searle H.,Chidekh C.,2,0,12,8,0,1.39,2.83
2026-07-12,ATP,Futures 2026,Svajda T.,Kim A.,2,0,12,5,0,1.59,2.21
2026-07-12,ATP,UTR Pro Tennis Series 5,Krstic V.,Jansson O.,2,0,12,4,0,1.8,1.82
2026-07-12,ATP,Bastad,Damas M.,Slavic N.,2,0,12,5,0,1.14,5.34
2026-07-12,ATP,Bunschoten challenger,Wessels L.,Paardekooper S.,2,0,13,9,1,1.5,2.46
2026-07-12,ATP,Cordenons challenger,Salazar D.,Arnaboldi F.,2,1,15,11,0,5.24,1.13
2026-07-12,ATP,Futures 2026,Tazabekov D.,Lechner D.,2,1,20,17,1,,
2026-07-12,ATP,Granby challenger,Kirchheimer S.,Pearson K.,2,0,12,5,0,1.31,3.25
2026-07-12,ATP,Gstaad,Dietrich D.,Monteiro T.,2,1,15,13,0,1.72,2.05
2026-07-12,ATP,Lincoln challenger,Zhu E.,Rai A.,2,0,14,10,0,1.57,2.25
2026-07-12,ATP,Pozoblanco challenger,Leong M.,Azkara A.,2,0,12,5,0,1.97,1.75
2026-07-12,ATP,Umag,Prado Angelo J.,Sanchez Izquierdo N.,2,0,13,9,1,2.2,1.63
2026-07-12,WTA,Newport Beach WTA,Maria T.,Volynets K.,2,0,12,6,0,1.67,2.15
2026-07-12,WTA,Contrexeville WTA,Sherif M.,Vandromme J.,2,1,17,17,1,1.65,2.17
2026-07-12,WTA,Aschaffenburg ITF,Gorgodze E.,Sobolieva A.,2,0,7,0,0,2.7,1.41
2026-07-12,WTA,Haag 2 ITF,Vedder E.,Boskovic L.,2,0,12,7,0,1.47,2.54
2026-07-12,WTA,Columbus ITF,Pareja J.,Hosogi S.,2,0,12,6,0,1.18,4.37
2026-07-12,WTA,Corroios-Seixal ITF,Lee C.,Gao X.,2,1,13,9,0,1.73,1.96
2026-07-12,WTA,Don Benito ITF,Ryser V.,Hruncakova V.,2,0,12,8,0,2.2,1.6
2026-07-12,WTA,Hillcrest 2 ITF,Leykina P.,Hossam Salah J.,2,0,12,6,0,1.78,1.93
2026-07-12,WTA,UTR Pro Tennis Series 5,Obradovic A.,Horvit M.,2,0,13,8,1,1.61,2.08
2026-07-12,WTA,Astana 14 ITF,Maklakova E.,Sagandikova A.,2,0,12,1,0,1.31,3.14
2026-07-12,WTA,Kursumlijska Banja 9 ITF,Karunaratne A.,Tomase E.,2,1,14,8,0,1.66,2.1
2026-07-12,WTA,Luan 2 ITF,Trynkina A.,Shek C.,2,0,13,8,0,1.53,2.35
2026-07-12,WTA,Monastir 43 ITF,Perapekhina Y.,Rojas S.,2,0,13,10,1,1.6,2.17
2026-07-12,WTA,Rancho Santa Fe ITF,Miroshnichenko V.,Shcherbinina A.,2,0,12,7,0,2.11,1.65
2026-07-12,WTA,Rio Claro ITF,Babel O.,Souza M.,2,1,15,11,0,1.21,3.94
2026-07-12,WTA,Astana 7 ITF,Belyaeva D.,Sleptsova P.,0,0,0,0,0,,
2026-07-12,WTA,Athens WTA,Hodzic M.,Yashina E.,2,0,12,3,0,1.11,5.92
2026-07-12,WTA,Brisbane 6 ITF,Niimi K.,Rsovac D.,2,0,12,1,0,,
2026-07-12,WTA,Granby ITF,Dong E.,Dobreva M.,2,0,12,4,0,1.13,5.19
2026-07-12,WTA,Hillcrest 3 ITF,Dube L.,Sekonopo N.,2,0,12,3,0,,
2026-07-12,WTA,Iasi WTA,Lepchenko V.,Burcescu M.,2,1,16,12,0,1.21,3.98
2026-07-12,WTA,Istanbul 10 ITF,Nugroho P.,Soke D.,2,0,12,4,0,1.41,2.76
2026-07-12,WTA,Kitzbühel WTA,Jakupovic D.,Rouvroy M.,2,0,12,2,0,1.72,2.03
2026-07-12,WTA,Kursumlijska Banja 10 ITF,Luescher S.,Colic A.,2,0,12,0,0,,
2026-07-12,WTA,Luan 4 ITF,Ounmuang S.,Sun J.,2,0,12,2,0,,
2026-07-12,WTA,Monastir 44 ITF,Haddad I.,Gombitova I.,2,0,12,0,0,,
2026-07-12,WTA,Nottingham 3 ITF,Wiersholm K.,Mdlulwa W.,2,0,12,5,0,,
2026-07-12,WTA,Rome 2 WTA,Malygina E.,Turini V.,2,1,18,17,1,1.79,1.94
2026-07-12,WTA,Vitoria-Gasteiz ITF,Anson Sanchez C.,Dapkute I.,2,1,17,15,1,4.29,1.18
2026-07-13,ATP,Bastad,De Jong J.,Gaubas V.,2,0,14,11,1,1.41,2.89
2026-07-13,ATP,Gstaad,Stricker D.,Munar J.,2,0,12,6,0,3.99,1.24
2026-07-13,ATP,Umag,Prizmic D.,Kopriva V.,2,0,12,4,0,1.3,3.43
2026-07-13,ATP,Lincoln challenger,Wong C.,Wu T.,2,0,12,4,0,1.55,2.34
2026-07-13,ATP,Bunschoten challenger,Houkes M.,Jorda Sanchis D.,2,0,12,4,0,1.85,1.87
2026-07-13,ATP,Cordenons challenger,Napolitano S.,Balshaw F.,2,1,16,8,0,2.69,1.43
2026-07-13,ATP,Pozoblanco challenger,Santillan A.,Lopez Escribano A.,2,1,15,9,0,1.1,6.38
2026-07-13,ATP,Futures 2026,Cundom J.,Fontes Damorim F.,2,0,12,7,0,1.02,10.0
2026-07-13,ATP,UTR Pro Tennis Series 5,De Visser S.,Mahjoob C.,2,0,12,3,0,5.0,1.11
2026-07-13,ATP,UTR Pro Tennis Series 9,Charusorn P.,Irwanto J.,2,1,14,15,0,2.83,1.34
2026-07-13,ATP,Bastad,Damas M.,Faurel T.,2,1,16,16,1,2.18,1.64
2026-07-13,ATP,Bunschoten challenger,Nijboer R.,Kuzmanov D.,2,0,13,9,1,2.69,1.42
2026-07-13,ATP,Cordenons challenger,Tabacco G.,Vincent Ruggeri S.,2,0,12,4,0,1.62,2.19
2026-07-13,ATP,Futures 2026,Yang Z.,Pinheiro N.,0,0,0,0,0,,
2026-07-13,ATP,Granby challenger,Miyoshi K.,Poling K.,2,1,19,18,1,1.24,3.75
2026-07-13,ATP,Lincoln challenger,Langmo C.,Sheehy J.,2,1,19,15,1,1.46,2.58
2026-07-13,ATP,Pozoblanco challenger,Ivashka I.,Radulov I.,2,0,12,8,0,1.5,2.44
2026-07-13,WTA,Iasi WTA,Burel C.,Lepchenko V.,2,1,15,14,0,1.48,2.59
2026-07-13,WTA,Athens WTA,Parks A.,Grammatikopoulou V.,2,0,13,10,1,1.09,7.26
2026-07-13,WTA,Istanbul 10 ITF,Gasanova A.,Bandecchi S.,2,0,13,10,1,1.62,2.23
2026-07-13,WTA,Kitzbühel WTA,Erjavec V.,Bosio V.,2,1,18,14,1,1.19,4.46
2026-07-13,WTA,Rome 2 WTA,Urgesi F.,Kotliar Y.,2,0,12,3,0,1.4,2.86
2026-07-13,WTA,Granby ITF,Cabrera L.,Plekhanova D.,2,1,16,14,0,1.4,2.74
2026-07-13,WTA,UTR Pro Tennis Series 5,Borodulina V.,Breen S.,2,0,12,4,0,1.56,2.2
2026-07-13,WTA,UTR Pro Tennis Series 9,Teso K.,Kobayashi C.,2,0,12,0,0,,
2026-07-13,WTA,UTR Pro Match Series,Kubo K.,Arai A.,2,0,12,0,0,1.11,5.12
2026-07-13,WTA,Astana 7 ITF,Ronde S.,Milash E.,2,1,21,18,1,,
2026-07-13,WTA,Billie Jean King Cup,Attig S.,Mebarki R.,2,0,12,0,0,,
2026-07-13,WTA,Brisbane 6 ITF,Dodaj C.,Piliptsevich A.,2,1,21,11,1,,
2026-07-13,WTA,Dallas 2 ITF,Reed L.,Jauffret C.,2,1,16,13,1,,
2026-07-13,WTA,Darmstadt ITF,Herrmann S.,Cinalli L.,2,0,12,5,0,3.3,1.3
2026-07-13,WTA,Granby ITF,Dong E.,Poling L.,2,0,12,5,0,1.43,2.69
2026-07-13,WTA,Hillcrest 3 ITF,Chan W.,Kumari J.,2,0,12,7,0,3.2,2.2
2026-07-13,WTA,Iasi WTA,Ibragimova A.,Lepchenko V.,2,0,12,7,0,2.07,1.7
2026-07-13,WTA,Istanbul 10 ITF,Nugroho P.,Saigo R.,2,0,12,6,0,1.4,2.81
2026-07-13,WTA,Krsko ITF,Moccia C.,Ribnikar M.,2,0,12,3,0,,
2026-07-13,WTA,Kursumlijska Banja 10 ITF,Daniels E.,Veskovic E.,2,0,12,0,0,,
2026-07-13,WTA,Luan 4 ITF,Lim S.,Zhou J.,2,1,17,12,1,,
2026-07-13,WTA,Monastir 44 ITF,Mazzoni J.,Ferguson R.,2,0,12,4,0,,
2026-07-13,WTA,Nottingham 3 ITF,Rajeshwaran Revathi M.,Hutchings L.,2,1,16,9,0,1.28,3.39
2026-07-13,WTA,Olomouc ITF,Nagy A.,Chytilova A.,2,0,12,2,0,1.02,13.88
2026-07-13,WTA,Sao Paulo 4 ITF,Estevez J.,Shibata L.,2,0,12,0,0,1.02,12.75
2026-07-13,WTA,Turin ITF,Ricci B.,Parentini Vallega Montebruno G.,2,1,21,17,1,,
2026-07-13,WTA,Vitoria-Gasteiz ITF,Boulard L.,Cervino Ruiz C.,2,1,16,13,0,3.46,1.27
2026-07-14,ATP,Bastad,Baez S.,Dahlin M.,2,1,16,11,0,1.02,17.33
2026-07-14,ATP,Gstaad,Faria J.,Wawrinka S.,2,1,18,15,1,1.44,2.71
2026-07-14,ATP,Umag,Droguet T.,Blockx A.,2,1,15,8,0,2.51,1.51
2026-07-14,ATP,Granby challenger,Rice K.,Rozin S.,2,0,14,12,2,1.68,2.11
2026-07-14,ATP,Lincoln challenger,Yunchaokete B.,Zhu E.,2,1,18,18,2,1.04,9.83
2026-07-14,ATP,Bunschoten challenger,Broska F.,Bar Biryukov P.,2,1,15,11,0,1.2,4.19
2026-07-14,ATP,Cordenons challenger,Mrva M.,Caniato C.,2,1,16,16,1,1.69,2.08
2026-07-14,ATP,Pozoblanco challenger,Added D.,Leong M.,2,0,13,10,1,1.42,2.72
2026-07-14,ATP,Futures 2026,Bynoe E.,Stephenson E.,2,0,12,4,0,1.55,2.31
2026-07-14,ATP,UTR Pro Tennis Series 3,Sabaliauskas A.,Robinson C.,2,0,12,5,0,1.26,3.33
2026-07-14,ATP,UTR Pro Tennis Series 5,Olszakowski S.,Baiant R.,2,0,13,8,1,2.23,1.55
2026-07-14,ATP,UTR Pro Tennis Series 9,Mochizuki K.,Uenoyama T.,2,1,15,9,0,1.86,1.78
2026-07-14,ATP,Futures 2026,Gasanov R.,Vaisman T.,2,0,13,9,0,,
2026-07-14,WTA,Iasi WTA,Kawa K.,Waltert S.,2,0,12,5,0,2.87,1.41
2026-07-14,WTA,Athens WTA,Valentova T.,Costoulas S.,2,0,12,3,0,1.18,4.72
2026-07-14,WTA,Istanbul 10 ITF,Hruncakova V.,Buyukakcay C.,2,0,12,4,0,1.2,4.33
2026-07-14,WTA,Kitzbühel WTA,Vandromme J.,Wolff V.,2,0,13,7,1,1.21,4.13
2026-07-14,WTA,Rome 2 WTA,Vedder E.,Pace F.,2,0,12,8,0,1.16,5.02
2026-07-14,WTA,Granby ITF,Arseneault A.,Dong E.,2,0,12,5,0,1.26,3.04
2026-07-14,WTA,Olomouc ITF,Fita Boluda A.,Niemeier J.,2,0,12,5,0,1.54,2.33
2026-07-14,WTA,Darmstadt ITF,Curmi F.,Labrana F.,2,0,12,4,0,1.04,9.04
2026-07-14,WTA,Nottingham 3 ITF,Romanova L.,Rajeshwaran Revathi M.,2,0,13,10,1,6.46,1.09
2026-07-14,WTA,Dallas 2 ITF,Gailis R.,Nguyen A.,2,0,12,7,0,1.99,1.72
2026-07-14,WTA,Sao Paulo 4 ITF,Reasco Gonzalez M.,Barrera Aguirre I.,2,1,16,16,1,1.05,7.99
2026-07-14,WTA,Turin ITF,Kokkinis T.,Monnot A.,2,0,12,6,0,3.03,1.34
2026-07-14,WTA,UTR Pro Tennis Series 5,Panagiotidou A.,Stula S.,2,1,18,13,1,4.8,1.12
2026-07-14,WTA,UTR Pro Tennis Series 9,Furuya M.,Furutani H.,2,0,13,8,1,1.25,3.43
2026-07-14,WTA,Astana 7 ITF,Nupbay A.,Nitture A.,2,1,16,11,0,,
2026-07-14,WTA,Brisbane 6 ITF,Beck A.,Mildren S.,2,1,16,12,0,1.94,1.77
2026-07-14,WTA,Hillcrest 3 ITF,Jamshidi E.,Bowers A.,2,1,14,10,0,4.5,1.17
2026-07-14,WTA,Krsko ITF,Haavisto E.,Viriant M.,2,1,18,17,1,1.51,2.39
2026-07-14,WTA,Kursumlijska Banja 10 ITF,Natal Gomez L.,Geerlings A.,2,1,17,14,1,7.54,1.09
2026-07-14,WTA,Luan 4 ITF,Cai J.,Snigireva A.,2,0,12,5,0,6.79,1.07
2026-07-14,WTA,Monastir 44 ITF,Fontenel C.,Boussaffir S.,2,0,12,4,0,1.02,12.85
2026-07-14,WTA,UTR Pro Match Series,Deatherage M.,Murphy L.,2,1,17,14,0,2.9,1.32
2026-07-14,WTA,Billie Jean King Cup,Sahnoun N.,Chepkemei Yego S.,2,0,12,2,0,,
2026-07-14,WTA,Brisbane 6 ITF,Adams J.,Compuesto B.,2,0,8,4,0,1.08,6.5
2026-07-14,WTA,Dallas 2 ITF,Oxford E.,Allen K.,2,0,12,4,0,2.18,1.59
2026-07-14,WTA,Darmstadt ITF,Skoog I.,Herrmann S.,2,1,17,15,0,1.81,1.88
2026-07-14,WTA,Krsko ITF,Bergen M.,Jurina S.,2,0,12,5,0,1.58,2.13
2026-07-14,WTA,Kursumlijska Banja 10 ITF,Tepic N.,Petrovic D.,2,0,13,9,0,1.79,1.92
2026-07-14,WTA,Monastir 44 ITF,Smejkalova A.,Abouelsaad H.,2,1,20,19,1,1.65,2.1
2026-07-14,WTA,Olomouc ITF,Petruzelova L.,Gadient N.,2,1,17,10,0,1.18,4.11
2026-07-14,WTA,Sao Paulo 4 ITF,Xavier Laydner C.,Ccuno R.,2,1,20,17,1,2.2,1.58
2026-07-14,WTA,Turin ITF,Lene E.,Milic E.,2,0,12,5,0,1.31,3.14
2026-07-15,ATP,Bastad,Darderi L.,Altmaier D.,2,0,12,8,0,1.52,2.46
2026-07-15,ATP,Gstaad,Vacherot V.,Hanfmann Y.,2,1,16,13,0,2.39,1.56
2026-07-15,ATP,Umag,Molcan A.,Prizmic D.,2,1,14,12,1,3.36,1.31
2026-07-15,ATP,Granby challenger,Holmgren A.,Mayo A.,2,0,13,8,1,1.51,2.45
2026-07-15,ATP,Lincoln challenger,Noguchi R.,Suresh D.,2,0,12,4,0,2.12,1.66
2026-07-15,ATP,Bunschoten challenger,Houkes M.,Schoenhaus M.,2,0,12,5,0,2.26,1.58
2026-07-15,ATP,Cordenons challenger,Seyboth Wild T.,Makk P.,2,1,15,14,0,1.24,3.79
2026-07-15,ATP,Pozoblanco challenger,Crawford O.,Ivanov I.,2,1,17,11,0,1.44,2.65
2026-07-15,ATP,Futures 2026,Fita Juan S.,Lynch A.,2,0,12,4,0,1.59,2.2
2026-07-15,ATP,UTR Pro Tennis Series 3,Burnett E.,Velasquez J.,2,0,12,6,0,1.95,1.69
2026-07-15,ATP,UTR Pro Tennis Series 5,Mahjoob C.,Warik C.,2,1,14,13,0,1.18,4.0
2026-07-15,ATP,UTR Pro Tennis Series 9,Kim M.,Rodi C.,2,1,15,12,0,1.82,1.82
2026-07-15,ATP,Davis Cup,Alhogbani A.,Vu H.,2,1,14,9,0,,
2026-07-15,ATP,Futures 2026,Picard M.,Aerne L.,2,0,12,7,0,1.1,6.28
2026-07-15,WTA,Iasi WTA,Marcinko P.,Avanesyan E.,2,0,14,12,2,1.55,2.4
2026-07-15,WTA,Athens WTA,Bejlek S.,Tagger L.,2,0,12,4,0,1.74,2.06
2026-07-15,WTA,Istanbul 10 ITF,Tararudee L.,Knutson G.,2,1,16,11,0,1.23,3.97
2026-07-15,WTA,Kitzbühel WTA,Andreeva E.,Ristic M.,2,1,14,12,0,1.66,2.15
2026-07-15,WTA,Rome 2 WTA,Jones F.,Urgesi F.,2,1,14,11,0,1.3,3.36
2026-07-15,WTA,Granby ITF,Ma L.,Cabrera L.,2,1,16,14,1,1.4,2.72
2026-07-15,WTA,Olomouc ITF,Siskova A.,Nagy A.,2,0,13,8,1,1.26,3.49
2026-07-15,WTA,Vitoria-Gasteiz ITF,Lazarenko K.,Kuparev A.,2,0,13,9,0,1.12,5.66
2026-07-15,WTA,Darmstadt ITF,Schunk N.,Stusek J.,2,0,12,4,0,1.45,2.56
2026-07-15,WTA,Nottingham 3 ITF,Leonard M.,Brooks A.,2,0,12,6,0,1.07,7.07
2026-07-15,WTA,Dallas 2 ITF,Shcherbinina A.,Matushkina K.,2,0,12,2,0,1.36,2.91
2026-07-15,WTA,Sao Paulo 4 ITF,Moyano L.,Fullana L.,2,0,13,9,0,2.23,1.58
2026-07-15,WTA,Turin ITF,Martinez Cirez C.,Barbulescu B.,1,0,5,0,0,1.22,3.88
2026-07-15,WTA,UTR Pro Tennis Series 5,Panagiotidou A.,Gullacksen N.,2,0,12,3,0,2.07,1.63
2026-07-15,WTA,UTR Pro Tennis Series 9,Kubo K.,Kawagishi N.,2,0,12,7,0,1.18,4.07
2026-07-15,WTA,Astana 7 ITF,Sagandikova A.,Starkova P.,2,0,10,3,0,1.36,3.0
2026-07-15,WTA,Brisbane 6 ITF,Fairclough L.,Adams J.,2,1,16,13,0,1.18,4.42
2026-07-15,WTA,Hillcrest 3 ITF,Kumari J.,Chan W.,2,0,12,5,0,1.94,1.74
2026-07-15,WTA,Krsko ITF,Udvardy L.,Moccia C.,2,0,12,4,0,1.06,7.77
2026-07-15,WTA,Kursumlijska Banja 10 ITF,De Santis G.,Ngijol Carre M.,2,1,14,12,0,2.95,1.35
2026-07-15,WTA,Luan 4 ITF,Sun Y.,Choi O.,2,0,13,7,0,1.58,2.22
2026-07-15,WTA,Monastir 44 ITF,Schuman A.,Kashyap T.,2,0,12,3,0,1.15,4.87
2026-07-15,WTA,UTR Pro Match Series,Weir L.,Oak S.,2,1,15,11,0,1.36,2.77
2026-07-15,WTA,Billie Jean King Cup,Quadre B.,Tsantaniony I.,2,0,12,6,0,,
2026-07-16,ATP,Bastad,Baez S.,De Jong J.,2,0,12,6,0,1.9,1.86
2026-07-16,ATP,Gstaad,Tsitsipas S.,Kym J.,2,1,19,17,2,1.3,3.41
2026-07-16,ATP,Umag,Molcan A.,Davidovich Fokina A.,2,1,15,9,0,2.21,1.65
2026-07-16,ATP,Granby challenger,Draxl L.,Milavsky D.,2,0,13,6,0,1.4,2.8
2026-07-16,ATP,Lincoln challenger,Smith C.,Matsuoka H.,2,0,13,8,0,1.18,4.44
2026-07-16,ATP,Bunschoten challenger,Boogaard T.,Campana Lee G.,2,1,14,8,0,1.63,2.17
2026-07-16,ATP,Cordenons challenger,Fuele M.,Seyboth Wild T.,2,1,17,14,0,5.51,1.13
2026-07-16,ATP,Pozoblanco challenger,Almazan Valiente I.,Palan D.,2,0,13,8,0,1.34,3.07
2026-07-16,ATP,Futures 2026,Bynoe E.,Long D.,2,0,12,1,0,1.66,2.1
2026-07-16,ATP,UTR Pro Tennis Series 3,Johnson C.,Patel S.,2,1,16,11,0,1.75,1.89
2026-07-16,ATP,UTR Pro Tennis Series 5,Campagnola R.,Janev K.,2,0,12,6,0,1.72,1.9
2026-07-16,ATP,UTR Pro Tennis Series 9,Rodi C.,Uenoyama T.,2,0,12,4,0,2.3,1.5
2026-07-16,ATP,Davis Cup,Alhogbani A.,Koay H.,2,0,13,6,0,,
2026-07-16,WTA,Iasi WTA,Udvardy P.,Kawa K.,2,1,14,13,0,1.73,2.08
2026-07-16,WTA,Athens WTA,Tauson C.,Tona M.,2,0,12,4,0,1.03,12.25
2026-07-16,WTA,Istanbul 10 ITF,Zakharova A.,Shubladze A.,2,0,14,12,2,1.69,2.11
2026-07-16,WTA,Kitzbühel WTA,Bassols Ribera M.,Rus A.,2,1,12,8,0,1.41,2.76
2026-07-16,WTA,Rome 2 WTA,Brancaccio N.,Vedder E.,2,0,12,3,0,2.22,1.63
2026-07-16,WTA,Granby ITF,Saito S.,Nishimura K.,2,0,12,6,0,1.64,2.14
2026-07-16,WTA,Olomouc ITF,Siskova A.,Balus I.,2,0,12,5,0,1.18,4.35
2026-07-16,WTA,Vitoria-Gasteiz ITF,Kubka M.,Noel C.,2,0,12,4,0,1.07,7.37
2026-07-16,WTA,Darmstadt ITF,Schunk N.,Lollia M.,2,0,12,4,0,1.16,4.64
2026-07-16,WTA,Nottingham 3 ITF,Dodin O.,Appleton E.,2,1,16,17,1,1.4,2.76
2026-07-16,WTA,Dallas 2 ITF,Khayrutdinova E.,Ivanova D.,2,1,17,12,1,1.19,4.21
2026-07-16,WTA,Sao Paulo 4 ITF,Reasco Gonzalez M.,Mattioli F.,2,1,19,16,2,1.36,2.84
2026-07-16,WTA,Turin ITF,Lew Yan Foon A.,Lene E.,2,1,14,12,0,2.03,1.72
2026-07-16,WTA,UTR Pro Tennis Series 5,Shmakova M.,Borodulina V.,2,0,12,6,0,2.3,1.5
2026-07-16,WTA,UTR Pro Tennis Series 9,Teso K.,Maeda R.,2,0,12,5,0,,
2026-07-16,WTA,Astana 7 ITF,Milovanova V.,Nupbay A.,2,1,14,10,0,1.03,9.82
2026-07-16,WTA,Brisbane 6 ITF,Aiava D.,Beck A.,2,0,12,2,0,1.06,7.6
2026-07-16,WTA,Hillcrest 3 ITF,Kruger I.,Kumari J.,2,0,12,1,0,1.01,13.44
2026-07-16,WTA,Krsko ITF,Roura Llaverias R.,Senica A.,2,0,12,0,0,1.68,2.07
2026-07-16,WTA,Kursumlijska Banja 10 ITF,Radovanovic N.,Stosovic M.,2,0,12,6,0,1.02,14.04
2026-07-16,WTA,Luan 4 ITF,Sato N.,Jang G.,2,0,12,4,0,1.03,10.58
2026-07-16,WTA,Monastir 44 ITF,Perapekhina Y.,Mincheva V.,2,0,12,3,0,1.21,3.97
2026-07-16,WTA,UTR Pro Match Series,Deatherage M.,Spencer K.,2,1,16,11,0,1.55,2.18
2026-07-16,WTA,Billie Jean King Cup,Tomegah S.,Nashiku T.,2,1,14,13,0,,
